"Event Date","Transaction ID","Transaction Date","Event Name","App Name","Platform","App ID","Product ID","Subscription Group","Currency","Price","Proceeds","Price USD","Proceeds USD","Refund","Q User ID","User ID","Device","Device ID","Local","Country","OS Version","Install Date","Media source","Campaign","Ad Set","Ad","App version","SDK version","User properties","Event receive date"
"2026-05-11 11:16:11","170003569278126","2026-05-04 11:16:11","Subscription Billing Retry","iOS SmartClean AI Storage","iOS","6759697123","com.phonecleaner.smartclean.storageclean.app.weekly.trial","21951690","EUR","9.99","6.99","11.71","8.19","","QON_b800065da64d4e788d9997bec0cb5e2b","","iPhone14,5","F62533DC-56A6-4827-9F5F-B191D071D342","en","GR","iOS 26.3.1","2026-04-24 11:15:08","","","","","1.0.9","6.6.1","{""_q_adjust_adid"":""dd80131c4ac770e84b26dd95a3062a84"",""_q_fb_anon_id"":""XZ107ADE1C-B935-4008-A960-2562967C3A73"",""_q_firebase_instance_id"":""B0DD6A045FCB4AB298A9DD0C5FE3F2C6""}","2026-05-11 11:17:02"
"2026-05-11 11:33:51","400002180675428","2026-05-04 19:09:01","Subscription Canceled","iOS SmartClean AI Storage","iOS","6759697123","com.phonecleaner.smartclean.storageclean.app.weekly.trial","21951690","USD","9.99","6.99","9.99","6.99","","QON_b2450d06e12742ee8e56c99080b2f6df","","iPad Air 4","2242218D-F2EE-4DF0-98A7-65B1329D126F","en","US","iOS 18.6.2","2026-04-17 19:06:15","","","","","1.0.8","6.6.1","{""_q_adjust_adid"":""d93f0deb86c501457034e16a685155f3"",""_q_fb_anon_id"":""XZD237FE07-083F-441A-9D45-9CD0D534EE9E"",""_q_firebase_instance_id"":""F5E6EFAB9228498BB24BE1E7EB71B427""}","2026-05-11 11:33:51"
"2026-05-11 19:09:01","400002180675428","2026-05-04 19:09:01","Subscription Expired","iOS SmartClean AI Storage","iOS","6759697123","com.phonecleaner.smartclean.storageclean.app.weekly.trial","21951690","USD","9.99","6.99","9.99","6.99","","QON_b2450d06e12742ee8e56c99080b2f6df","","iPad Air 4","2242218D-F2EE-4DF0-98A7-65B1329D126F","en","US","iOS 18.6.2","2026-04-17 19:06:15","","","","","1.0.8","6.6.1","{""_q_adjust_adid"":""d93f0deb86c501457034e16a685155f3"",""_q_fb_anon_id"":""XZD237FE07-083F-441A-9D45-9CD0D534EE9E"",""_q_firebase_instance_id"":""F5E6EFAB9228498BB24BE1E7EB71B427""}","2026-05-11 19:10:38"
"2026-05-11 19:18:38","170003569971581","2026-05-04 19:18:38","Subscription Expired","iOS SmartClean AI Storage","iOS","6759697123","com.phonecleaner.smartclean.storageclean.app.weekly.trial","21951690","USD","9.99","6.99","9.99","6.99","","QON_d9b3a37140d04fd495acedf1f4cf2b5b","","iPhone17,3","FEB8F835-1AA9-4FE9-B214-46D38609F7D4","en","US","iOS 26.3.1","2026-04-24 19:17:45","","","","","1.0.9","6.6.1","{""_q_adjust_adid"":""d1426396291a3856110c1edaf242fc8a"",""_q_fb_anon_id"":""XZC596E8B9-EC10-46DB-8E68-0D1A490B7A2B"",""_q_firebase_instance_id"":""01BA8678F1EA494284F12B2BE33C1512""}","2026-05-11 19:19:21"
"2026-05-11 16:05:26","490002842572107","2026-05-04 16:05:26","Subscription Expired","iOS SmartClean AI Storage","iOS","6759697123","com.phonecleaner.smartclean.storageclean.app.weekly.trial","21951690","USD","9.99","6.99","9.99","6.99","","QON_23065ec54bba451b81533b05f2364ea1","","iPhone 12","0EED0968-BDD2-4FF0-B548-12FCD7C60CE5","en","US","iOS 26.2.1","2026-05-01 16:04:30","","","","","1.0.9","6.6.1","{""_q_adjust_adid"":""712e82920ad3731ea72c4d75cba62b82"",""_q_firebase_instance_id"":""29A08D937A1E4D298CF526CE9344835B""}","2026-05-11 16:06:16"
"2026-05-11 16:06:38","290002995494538","2026-05-04 16:06:38","Subscription Billing Retry","iOS SmartClean AI Storage","iOS","6759697123","com.phonecleaner.smartclean.storageclean.app.weekly.trial","21951690","USD","9.99","6.99","9.99","6.99","","QON_3006b94a4bf14737a59cdf13ae287be9","","iPhone14,5","BF9148A5-582D-4823-9B0C-B3096BFC51A2","en","US","iOS 26.4.1","2026-04-17 03:52:40","","","","","1.0.8","6.6.1","{""_q_adjust_adid"":""7f7656bcc67eea4823379a604c7c1dd9"",""_q_fb_anon_id"":""XZBBC58BED-2FE2-4DAC-95B0-7A74D70FF65C"",""_q_firebase_instance_id"":""F5C23087B8D6429388CD9CFB083B7CAF""}","2026-05-11 16:07:23"
"2026-05-11 19:01:32","390002321659031","2026-05-04 19:01:32","Subscription Expired","iOS SmartClean AI Storage","iOS","6759697123","com.phonecleaner.smartclean.storageclean.app.weekly.trial","21951690","EUR","9.99","6.99","11.71","8.19","","QON_1ac39e4e00f94ce89c944a88974ca173","","iPhone17,1","598C1A6C-959C-4C7B-8974-1E9E73A2681B","de","AT","iOS 26.3.1","2026-05-01 19:00:43","","","","","1.0.9","6.6.1","{""_q_adjust_adid"":""f534d6aee54bc0012ef64f71c3d24c92"",""_q_firebase_instance_id"":""DC81E37826EA471BB566D62F99D2922B""}","2026-05-11 19:02:17"
"2026-05-11 15:10:17","360003085036437","2026-05-04 15:10:17","Subscription Billing Retry","iOS SmartClean AI Storage","iOS","6759697123","com.phonecleaner.smartclean.storageclean.app.weekly.trial","21951690","RON","49.99","34.99","11.28","7.89","","QON_c576ef70cd3444348798c94451db8a97","","iPhone14,7","1AB91F34-5A04-497E-9E63-DF8F51BC5B40","en","RO","iOS 18.5","2026-04-11 16:46:20","","","","","1.0.8","6.6.1","{""_q_adjust_adid"":""fa939f7eb67de4b0bc62c525f21e268b"",""_q_fb_anon_id"":""XZ14E82E8F-1F96-4C74-8ABF-6C18B967B61A"",""_q_firebase_instance_id"":""093F7AFB05DE46F1BF339012B9400F05""}","2026-05-11 15:11:06"
"2026-05-11 08:14:51","330002929488796","2026-05-06 18:24:08","Subscription Canceled","iOS SmartClean AI Storage","iOS","6759697123","com.phonecleaner.smartclean.storageclean.app.weekly.trial","21951690","USD","9.99","6.99","9.99","6.99","","QON_dfd7c7a849a542838479613dc899ec61","","iPhone14,5","D09FE5B7-168E-47E6-8884-877CDE18C448","en","US","iOS 26.4.2","2026-05-03 18:22:43","","","","","1.0.9","6.6.1","{""_q_adjust_adid"":""b4657a9bf5c0b3fc7c6fa60a707f9f9b"",""_q_fb_anon_id"":""XZD4012A93-3776-45E1-B2E6-90F2DF5C7B24"",""_q_firebase_instance_id"":""66CC649F30484638B41C7BD337A8F494""}","2026-05-11 08:14:51"
"2026-05-11 10:01:03","160003362636732","2026-05-06 21:55:29","Subscription Canceled","iOS SmartClean AI Storage","iOS","6759697123","com.phonecleaner.smartclean.storageclean.app.weekly.trial","21951690","USD","9.99","6.99","9.99","6.99","","QON_fef50092a8b343d897d38de99fd66ca6","","iPhone17,2","8487A225-C4D5-4474-AF07-B38EA5901328","en","US","iOS 26.4.2","2026-05-03 21:54:59","","","","","1.0.9","6.6.1","{""_q_adjust_adid"":""e9ec1e0865aaa75a352e8af89446d847"",""_q_fb_anon_id"":""XZ49B74B9C-803A-49DE-BD4B-B23B5B3EA125"",""_q_firebase_instance_id"":""C7DC1B7BFC8F4A5D8E0AA3336EF1B97D""}","2026-05-11 10:01:03"
"2026-05-11 00:51:20","230003394518250","2026-05-08 00:51:20","Trial Expired","iOS SmartClean AI Storage","iOS","6759697123","com.phonecleaner.smartclean.storageclean.app.weekly.trial","21951690","GBP","0","0","0","0","","QON_7784690e00e34dc48779837a897bb46d","","iPhone 11","2E4D06B1-C0EA-4055-8790-2AE28792732C","en","GB","iOS 18.6.2","2026-05-08 00:50:04","","","","","1.1.0","6.6.1","{""_q_adjust_adid"":""35cbd3304a493942c648be09054e9a79"",""_q_fb_anon_id"":""XZ4DEE0AAD-938A-49B3-BBEF-066323E7C56D"",""_q_firebase_instance_id"":""F75095EF9A4A49E19A17A867FDBAB5BA""}","2026-05-11 00:52:05"
"2026-05-11 01:10:19","560002562090878","2026-05-08 01:10:19","Trial Expired","iOS SmartClean AI Storage","iOS","6759697123","com.phonecleaner.smartclean.storageclean.app.weekly.trial","21951690","USD","0","0","0","0","","QON_11b96fa2199b4d3793f82a4754299d93","","iPhone SE 2","DFEB18AC-1B5E-48E1-AF64-155014DEE879","en","US","iOS 26.4.2","2026-05-08 01:08:04","","","","","1.1.0","6.6.1","{""_q_adjust_adid"":""b70c75ce90c0d078dc43c9b71a57e5df"",""_q_firebase_instance_id"":""C3360D62C052473EB24BD347301B123A""}","2026-05-11 01:11:08"
"2026-05-11 01:40:16","350003294438166","2026-05-08 01:40:16","Trial Expired","iOS SmartClean AI Storage","iOS","6759697123","com.phonecleaner.smartclean.storageclean.app.weekly.trial","21951690","USD","0","0","0","0","","QON_58682e2121934613a0359e57d5776d61","","iPhone 8 Plus","E62E2F9E-3C51-43A1-A03C-4DE037F4681C","en","US","iOS 16.7.15","2026-05-08 01:39:08","","","","","1.1.0","6.6.1","{""_q_adjust_adid"":""95f70eb7a1bb59c24ebb25012fe9b430"",""_q_firebase_instance_id"":""A739E756A11E400E898CB051F30A87E2""}","2026-05-11 01:41:04"
"2026-05-11 01:46:21","270002867686444","2026-05-08 01:46:21","Trial Billing Retry","iOS SmartClean AI Storage","iOS","6759697123","com.phonecleaner.smartclean.storageclean.app.weekly.trial","21951690","USD","0","0","0","0","","QON_113f2a68b9754fd788ca483e893c5a5a","","iPhone 11 Pro Max","8EA9CDC1-9C94-4C28-BCBE-951FF623C4ED","en","US","iOS 26.3.1","2026-05-08 01:44:49","","","","","1.1.0","6.6.1","{""_q_adjust_adid"":""6e9e13e7b9fac51acd52a3d3d7b4f4c1"",""_q_fb_anon_id"":""XZ4E73A1BB-38AD-4465-A97F-21F9611BB9B5"",""_q_firebase_instance_id"":""99EDFDF89CC44A5EB34DD879B9B53D4F""}","2026-05-11 01:47:06"
"2026-05-11 01:48:45","320003003768650","2026-05-08 01:48:45","Trial Expired","iOS SmartClean AI Storage","iOS","6759697123","com.phonecleaner.smartclean.storageclean.app.weekly.trial","21951690","USD","0","0","0","0","","QON_df344c0da4cb4b249c55d989c2213c9f","","iPhone17,3","BAD154AE-8542-4D87-A7AC-91AB7C14B114","en","US","iOS 26.4.2","2026-05-08 01:48:15","","","","","1.1.0","6.6.1","{""_q_adjust_adid"":""6babe3a72cab200c19a8eb47183baf89"",""_q_firebase_instance_id"":""837D33A6018440AEAA1DB85DCCC53CAF""}","2026-05-11 01:49:28"
"2026-05-11 02:04:34","530002875922436","2026-05-08 02:04:34","Trial Expired","iOS SmartClean AI Storage","iOS","6759697123","com.phonecleaner.smartclean.storageclean.app.weekly.trial","21951690","USD","0","0","0","0","","QON_317c32c8a82044888503fa012b18a38d","","iPhone17,5","7EADE26A-6265-494E-B95C-A2AE85C46E42","en","US","iOS 26.4.2","2026-05-08 02:04:04","","","","","1.1.0","6.6.1","{""_q_adjust_adid"":""87c0bb611641cf094ad17afe1c094e20"",""_q_firebase_instance_id"":""DB18D94158014643BB48858024355C22""}","2026-05-11 02:05:17"
"2026-05-11 04:49:17","100002682431590","2026-05-08 04:49:17","Trial Expired","iOS SmartClean AI Storage","iOS","6759697123","com.phonecleaner.smartclean.storageclean.app.weekly.trial","21951690","EUR","0","0","0","0","","QON_9f512102bda84d5191a507e7aa322e90","","iPhone 11","4932740E-E1F5-41E7-A3C8-EB5D152A61C9","es","ES","iOS 26.4.2","2026-05-08 04:45:14","","","","","1.1.0","6.6.1","{""_q_adjust_adid"":""6922e374bbbf87cb87e36b0a2501855f"",""_q_fb_anon_id"":""XZ3878EEEF-CFE2-411A-8A71-EA1191613A1E"",""_q_firebase_instance_id"":""D930C0F12EEB4143AFA64AC5A3ECFCB6""}","2026-05-11 04:50:05"
"2026-05-11 06:39:21","120003719354980","2026-05-08 06:39:21","Trial Expired","iOS SmartClean AI Storage","iOS","6759697123","com.phonecleaner.smartclean.storageclean.app.weekly.trial","21951690","EUR","0","0","0","0","","QON_236d38e675214736b35cc45ce06908a2","","iPhone14,7","867EA1EA-391E-4202-9A6E-63074297DAAD","en","BG","iOS 26.3.1","2026-05-08 06:38:35","","","","","1.1.0","6.6.1","{""_q_adjust_adid"":""88a93663fac4bbb5ba140835273dfb07"",""_q_fb_anon_id"":""XZ2EA619C8-1287-45F1-A0F2-4A8804075B6A"",""_q_firebase_instance_id"":""103D15F2B90143EEB05EB03248B5C2A1""}","2026-05-11 06:40:07"
"2026-05-11 07:21:14","140003618516036","2026-05-08 07:21:14","Trial Expired","iOS SmartClean AI Storage","iOS","6759697123","com.phonecleaner.smartclean.storageclean.app.weekly.trial","21951690","GBP","0","0","0","0","","QON_ed0701c42089490ebc76c02880da9812","","iPad12,1","499C25C5-3947-4A66-9E31-F6C6CAE59CD6","en","GB","iOS 26.4.2","2026-05-08 07:19:30","","","","","1.1.0","6.6.1","{""_q_adjust_adid"":""57a3d1aa98fe267355e66dac6b643eb1"",""_q_fb_anon_id"":""XZ14C70A13-0875-4B6C-A888-D26F9D919199"",""_q_firebase_instance_id"":""B571170080D84795BA3685FE11904148""}","2026-05-11 07:22:03"
"2026-05-11 07:32:37","140003618533452","2026-05-08 07:32:37","Trial Expired","iOS SmartClean AI Storage","iOS","6759697123","com.phonecleaner.smartclean.storageclean.app.weekly.trial","21951690","GBP","0","0","0","0","","QON_fdd3bd9f64124195b528914b750346d1","","iPhone 11","BADE9DD3-9EB2-444F-8DBE-46980D84E387","en","GB","iOS 26.4.2","2026-05-08 07:31:49","","","","","1.1.0","6.6.1","{""_q_adjust_adid"":""e8eb7e19f4150e8663ea54a9e1a5c899"",""_q_fb_anon_id"":""XZAD5A5290-56AD-4FC3-B3A6-4B69D1549DE0"",""_q_firebase_instance_id"":""EBD4913EBE594CF88D52F73DDF46C8D9""}","2026-05-11 07:33:20"
"2026-05-11 09:18:15","280003172246615","2026-05-08 09:18:15","Trial Billing Retry","iOS SmartClean AI Storage","iOS","6759697123","com.phonecleaner.smartclean.storageclean.app.weekly.trial","21951690","EUR","0","0","0","0","","QON_18c360c45a44491d84e34d3517766294","","iPhone15,4","B50DB720-F1CD-4573-BA04-96B86BADD71A","en","BG","iOS 26.3.1","2026-05-08 09:17:39","","","","","1.1.0","6.6.1","{""_q_adjust_adid"":""54156408a079c3563fde2c22d0b9ab77"",""_q_firebase_instance_id"":""DE2F620CEF604881A05CCD520665C0B8""}","2026-05-11 09:19:04"
"2026-05-11 10:51:24","30003284780466","2026-05-08 10:51:24","Trial Expired","iOS SmartClean AI Storage","iOS","6759697123","com.phonecleaner.smartclean.storageclean.app.weekly.trial","21951690","RON","0","0","0","0","","QON_157a015d792147b4a7069a55ae51a105","","iPhone16,2","B6A02C45-4C27-489C-9399-5B1EBDDD18CF","en","RO","iOS 17.6.1","2026-05-08 10:47:23","","","","","1.1.0","6.6.1","{""_q_adjust_adid"":""2d6f560d8ab3c9f7b6320e5a64ee4495"",""_q_fb_anon_id"":""XZ41352435-50E8-4D9D-9182-FDE9241B2079"",""_q_firebase_instance_id"":""7421BEA974944B329111C3BBEF9AA9ED""}","2026-05-11 10:52:09"
"2026-05-11 11:19:05","720002523123627","2026-05-08 11:19:05","Trial Expired","iOS SmartClean AI Storage","iOS","6759697123","com.phonecleaner.smartclean.storageclean.app.weekly.trial","21951690","EUR","0","0","0","0","","QON_d3a4123ec6a241b3a74f8d32d94fcd03","","iPhone17,1","8349996E-D4F5-49A2-89A7-C237157E3A33","es","RO","iOS 26.3.1","2026-05-08 11:13:51","","","","","1.1.0","6.6.1","{""_q_adjust_adid"":""c706ba396d870a08575f52475c90c46e"",""_q_fb_anon_id"":""XZC7029AFF-CADB-4098-9791-BB8F09D25888"",""_q_firebase_instance_id"":""B43F4E7C4C5D4962AECD7958CD11FD78""}","2026-05-11 11:19:47"
"2026-05-11 11:20:12","280003172416864","2026-05-08 11:20:12","Trial Billing Retry","iOS SmartClean AI Storage","iOS","6759697123","com.phonecleaner.smartclean.storageclean.app.weekly.trial","21951690","USD","0","0","0","0","","QON_3a5ccebab47c44a5a5376eca8496fa46","","iPhone15,4","0264DDFE-C1EB-48DE-8BBB-AC4DAA574A64","en","US","iOS 26.4.2","2026-05-08 10:20:21","","","","","1.1.0","6.6.1","{""_q_adjust_adid"":""fb9c1fb5c6d9937eeae530def9f62a34"",""_q_fb_anon_id"":""XZC17AF5C4-433A-42C1-B063-D16771471DD2"",""_q_firebase_instance_id"":""70EBE72F7A2D4B9196FCED09EDC1B33A""}","2026-05-11 11:21:03"
"2026-05-11 11:29:24","490002849305589","2026-05-08 11:29:24","Trial Billing Retry","iOS SmartClean AI Storage","iOS","6759697123","com.phonecleaner.smartclean.storageclean.app.weekly.trial","21951690","GBP","0","0","0","0","","QON_1ad204421a0940e0882b630009f6fc9a","","iPhone 11","48845B64-8BBE-4964-8452-1320CDFE444E","en","GB","iOS 26.2.1","2026-05-08 11:28:07","","","","","1.1.0","6.6.1","{""_q_adjust_adid"":""7ccfe904eaea5c1c1a4f4038f7c20a34"",""_q_fb_anon_id"":""XZC1129937-53EE-43EF-8283-93E70AC57244"",""_q_firebase_instance_id"":""EC725FCA723B4CE389CE3A7DBEC59F13""}","2026-05-11 11:30:22"
"2026-05-11 12:16:00","410003200982688","2026-05-08 12:16:00","Trial Expired","iOS SmartClean AI Storage","iOS","6759697123","com.phonecleaner.smartclean.storageclean.app.weekly.trial","21951690","GBP","0","0","0","0","","QON_a9085289b86d429e866811bac0898f43","","iPhone 11","CB2E8D9B-7EC4-4162-89D4-AF2A813A611A","en","GB","iOS 26.4.2","2026-05-07 11:34:03","","","","","1.0.9","6.6.1","{""_q_adjust_adid"":""3cb3c5ae7913e952a7f14573715833a8"",""_q_fb_anon_id"":""XZDE7F9EAA-2938-4C85-A8DD-929D847B426F"",""_q_firebase_instance_id"":""6998ACE6B27C47498E7B79BAF17CF920""}","2026-05-11 12:16:42"
"2026-05-11 12:22:46","220003317162968","2026-05-08 12:22:46","Trial Billing Retry","iOS SmartClean AI Storage","iOS","6759697123","com.phonecleaner.smartclean.storageclean.app.weekly.trial","21951690","EUR","0","0","0","0","","QON_e39f66f87364456e884b365c8c41f6de","","iPhone14,7","A7DF331A-3AF2-4F9F-AD82-370E930EB550","en","LT","iOS 26.4.2","2026-05-08 12:22:15","","","","","1.1.0","6.6.1","{""_q_adjust_adid"":""224372cacb5a01112d79dfa0fbc900ac"",""_q_fb_anon_id"":""XZA042490E-1EDD-4C4F-AE6F-77856B59372B"",""_q_firebase_instance_id"":""159B6CC521724AA4BA019E5078FC378F""}","2026-05-11 12:23:28"
"2026-05-11 13:03:53","100002682949457","2026-05-08 13:03:53","Trial Expired","iOS SmartClean AI Storage","iOS","6759697123","com.phonecleaner.smartclean.storageclean.app.weekly.trial","21951690","USD","0","0","0","0","","QON_e96cb1494542427f9826eb0b7e7a41c2","","iPad12,1","04678587-BB77-4D26-9FB9-D9C582CD81C7","en","US","iOS 26.3.1","2026-05-08 13:02:52","","","","","1.1.0","6.6.1","{""_q_adjust_adid"":""e146c71536ce9eaeca4d6e7b54b77f67"",""_q_firebase_instance_id"":""CD7204B3DE184707832594AAC61603A0""}","2026-05-11 13:04:38"
"2026-05-11 13:03:53","100002682949457","2026-05-08 13:03:53","Trial Billing Retry","iOS SmartClean AI Storage","iOS","6759697123","com.phonecleaner.smartclean.storageclean.app.weekly.trial","21951690","USD","0","0","0","0","","QON_e96cb1494542427f9826eb0b7e7a41c2","","iPad12,1","04678587-BB77-4D26-9FB9-D9C582CD81C7","en","US","iOS 26.3.1","2026-05-08 13:02:52","","","","","1.1.0","6.6.1","{""_q_adjust_adid"":""e146c71536ce9eaeca4d6e7b54b77f67"",""_q_firebase_instance_id"":""CD7204B3DE184707832594AAC61603A0""}","2026-05-11 16:14:32"
"2026-05-11 13:04:38","590002623646643","2026-05-08 13:04:38","Trial Billing Retry","iOS SmartClean AI Storage","iOS","6759697123","com.phonecleaner.smartclean.storageclean.app.weekly.trial","21951690","BRL","0","0","0","0","","QON_13c16f6f5a3b407097f266b9355720f4","","iPhone 12","5D54DBFB-1504-4D5B-B83F-D9F866DB17CA","pt","BR","iOS 26.4.2","2026-05-08 13:04:05","","","","","1.1.0","6.6.1","{""_q_adjust_adid"":""091a13b7239b23e2ebd7e510e1b99b0e"",""_q_firebase_instance_id"":""7634F5D572004C1397CCCA581F810F62""}","2026-05-11 13:05:25"
"2026-05-11 13:10:00","500002835427583","2026-05-08 13:10:00","Trial Expired","iOS SmartClean AI Storage","iOS","6759697123","com.phonecleaner.smartclean.storageclean.app.weekly.trial","21951690","EUR","0","0","0","0","","QON_120355001ffc4a60938640a6f75fe6a1","","iPhone17,2","C298E306-456E-4859-AC65-72D7B9DD7A1D","de","DE","iOS 26.4.2","2026-05-08 13:08:10","","","","","1.1.0","6.6.1","{""_q_adjust_adid"":""cfa93871c38871bd7e4ef940d5cf9cfe"",""_q_fb_anon_id"":""XZF54F1DA7-AA58-41A9-B8C1-210CFC66FAE3"",""_q_firebase_instance_id"":""4390AE39DF4C4844AB060DBF9BCD9276""}","2026-05-11 13:10:50"
"2026-05-11 13:14:39","350003295447731","2026-05-08 13:14:39","Trial Expired","iOS SmartClean AI Storage","iOS","6759697123","com.phonecleaner.smartclean.storageclean.app.weekly.trial","21951690","EUR","0","0","0","0","","QON_f45615f665bc4584b320ee29403a1fc8","","iPhone16,1","C7B71301-655A-4238-BA74-DA1D020B948E","en","GR","iOS 26.3.1","2026-05-08 13:04:22","","","","","1.1.0","6.6.1","{""_q_adjust_adid"":""1276d2ed9103c59020b360f44f4e7ce1"",""_q_fb_anon_id"":""XZ0ADA4EDC-3D6A-47CA-BC14-56648E7C4B6B"",""_q_firebase_instance_id"":""4C5EA8A53CAF42B7BE5F94AAC34C57EC""}","2026-05-11 13:15:34"
"2026-05-11 13:53:30","370002705861203","2026-05-08 13:53:30","Trial Billing Retry","iOS SmartClean AI Storage","iOS","6759697123","com.phonecleaner.smartclean.storageclean.app.weekly.trial","21951690","GBP","0","0","0","0","","QON_9c3362b301d348769b517f7059a71b39","","iPhone17,3","F5054C6B-0FC0-46DB-9A8F-32ABF80E6836","en","GB","iOS 26.4.2","2026-05-08 13:52:39","","","","","1.1.0","6.6.1","{""_q_adjust_adid"":""9447f6573309429e34b24e56bee746a8"",""_q_firebase_instance_id"":""F2E6940758144F288FFE8AB3A1A2F6FD""}","2026-05-11 13:56:10"
"2026-05-11 14:07:18","110003464790218","2026-05-08 14:07:18","Trial Expired","iOS SmartClean AI Storage","iOS","6759697123","com.phonecleaner.smartclean.storageclean.app.weekly.trial","21951690","USD","0","0","0","0","","QON_d781a71559564894afc50bb5b1528185","","iPad13,16","B2D1AC10-2191-4914-949D-2C02301F4EA8","en","US","iOS 26.4.2","2026-05-08 14:06:06","","","","","1.1.0","6.6.1","{""_q_adjust_adid"":""e4ca48067825d40ed2f6fbe9813b559f"",""_q_fb_anon_id"":""XZ2039EEE9-319D-48B7-8CD0-931B52ABA486"",""_q_firebase_instance_id"":""628297E5BA714794B2C463A9766E4530""}","2026-05-11 14:08:12"
"2026-05-11 14:12:11","540002555119378","2026-05-08 14:12:11","Trial Canceled","iOS SmartClean AI Storage","iOS","6759697123","com.phonecleaner.smartclean.storageclean.app.weekly.trial","21951690","USD","0","0","0","0","","QON_a298d298ce554fcfb6f1701a3951fc4e","","iPhone17,3","925C37BA-48A3-4903-9F59-968EBDC41ED7","en","US","iOS 26.4.2","2026-05-08 14:10:56","","","","","1.1.0","6.6.1","{""_q_adjust_adid"":""f4f0e44240fdf86b06b6fc43fb57782c"",""_q_firebase_instance_id"":""C3C4FCAE92844A51A9F1C3CE07C33FDC""}","2026-05-11 14:13:07"
"2026-05-11 14:12:11","540002555119378","2026-05-08 14:12:11","Trial Expired","iOS SmartClean AI Storage","iOS","6759697123","com.phonecleaner.smartclean.storageclean.app.weekly.trial","21951690","USD","0","0","0","0","","QON_a298d298ce554fcfb6f1701a3951fc4e","","iPhone17,3","925C37BA-48A3-4903-9F59-968EBDC41ED7","en","US","iOS 26.4.2","2026-05-08 14:10:56","","","","","1.1.0","6.6.1","{""_q_adjust_adid"":""f4f0e44240fdf86b06b6fc43fb57782c"",""_q_firebase_instance_id"":""C3C4FCAE92844A51A9F1C3CE07C33FDC""}","2026-05-11 14:13:07"
"2026-05-11 02:57:22","200003348728173","2026-05-08 21:19:55","Subscription Canceled","iOS SmartClean AI Storage","iOS","6759697123","com.phonecleaner.smartclean.storageclean.app.weekly.trial","21951690","USD","9.99","6.99","9.99","6.99","","QON_5d677135d5214cde92dd7dc14afe7a33","","iPhone 12 Pro Max","693AF31D-A776-4DFA-A3BB-E4089563EB40","en","US","iOS 26.3.1","2026-04-28 21:18:40","","","","","1.0.9","6.6.1","{""_q_adjust_adid"":""10021499c83dbeaf3b78e7ba7a6fca5f"",""_q_fb_anon_id"":""XZ165111E1-D775-432B-B677-5F26D58C1A6D"",""_q_firebase_instance_id"":""C85F55C70C664CD6A4A76EBC5D2A9D0D""}","2026-05-11 02:57:22"
"2026-05-11 14:56:25","370002705943379","2026-05-08 14:56:25","Trial Expired","iOS SmartClean AI Storage","iOS","6759697123","com.phonecleaner.smartclean.storageclean.app.weekly.trial","21951690","USD","0","0","0","0","","QON_3f7222f3d35342788bddafdddb8f9c81","","iPhone14,5","C4F8DDED-E246-48B1-AAAC-B1B7CA59FCFB","en","US","iOS 26.4.2","2026-05-08 14:55:32","","","","","1.1.0","6.6.1","{""_q_adjust_adid"":""e3a5882144c505ee7f3b872adfe0b883"",""_q_firebase_instance_id"":""3C31676D89164784B9E5C06541442C27""}","2026-05-11 14:57:26"
"2026-05-11 15:01:49","550002944960392","2026-05-08 15:01:49","Trial Billing Retry","iOS SmartClean AI Storage","iOS","6759697123","com.phonecleaner.smartclean.storageclean.app.weekly.trial","21951690","RON","0","0","0","0","","QON_5199ad7d084d4af38fdb78c44f58b831","","iPhone14,8","BB729ED2-F823-481C-961F-002223C102C0","en","RO","iOS 18.6.2","2026-05-08 14:59:30","","","","","1.1.0","6.6.1","{""_q_adjust_adid"":""7d755aff24ce7d2d4a224035ad7a547f"",""_q_fb_anon_id"":""XZ82BAE3C7-BC18-4A48-9B56-C0249CFC5C22"",""_q_firebase_instance_id"":""00EB4E92199744039DDF8CABB377206F""}","2026-05-11 15:03:54"
"2026-05-11 16:04:56","470003221143175","2026-05-08 16:04:56","Trial Billing Retry","iOS SmartClean AI Storage","iOS","6759697123","com.phonecleaner.smartclean.storageclean.app.weekly.trial","21951690","EUR","0","0","0","0","","QON_ebb697ca2e554297bdd97910432748ef","","iPhone14,4","A8C8A6A4-225C-4D95-BEAF-ED5AB1B18426","en","HR","iOS 18.6","2026-05-08 16:03:32","","","","","1.1.0","6.6.1","{""_q_fb_anon_id"":""XZ0778F9AD-1715-4D81-A0F4-54EAEBA3A604"",""_q_firebase_instance_id"":""AFBEFACF393C4E5DA4B304A7EC61E04A""}","2026-05-11 16:05:42"
"2026-05-11 16:31:09","370002706069626","2026-05-08 16:31:09","Trial Expired","iOS SmartClean AI Storage","iOS","6759697123","com.phonecleaner.smartclean.storageclean.app.weekly.trial","21951690","RON","0","0","0","0","","QON_b15927f0a2c048e9bb4ed01e2a0e3d6f","","iPhone18,1","246DB723-2760-4086-92C7-AC6462D33669","en","RO","iOS 26.4.2","2026-05-08 16:29:04","","","","","1.1.0","6.6.1","{""_q_adjust_adid"":""e096d23d260488aad86ce71d1aa86947"",""_q_firebase_instance_id"":""4CD0AE6BE1034661B49425B5CEE28A72""}","2026-05-11 16:32:01"
"2026-05-11 16:49:51","230003395960169","2026-05-08 16:49:51","Trial Billing Retry","iOS SmartClean AI Storage","iOS","6759697123","com.phonecleaner.smartclean.storageclean.app.weekly.trial","21951690","USD","0","0","0","0","","QON_68024759e15242bdb8bcc57c707513d6","","iPhone14,7","5FA2860F-5DAB-40A9-95D1-893A16F6505B","en","US","iOS 26.1","2026-05-08 16:49:17","","","","","1.1.0","6.6.1","{""_q_adjust_adid"":""58ac4f19d7140c75fb4fc71cc7769275"",""_q_firebase_instance_id"":""7B5A106FF25C45D9922E6F0B0029963D""}","2026-05-11 16:50:33"
"2026-05-11 17:27:50","530002877089446","2026-05-08 17:27:50","Trial Expired","iOS SmartClean AI Storage","iOS","6759697123","com.phonecleaner.smartclean.storageclean.app.weekly.trial","21951690","RON","0","0","0","0","","QON_7cbd83d758674e8691c00da310c97b47","","iPhone15,4","5B8C7A06-2F30-4010-AC78-B2D7808EBBC0","en","RO","iOS 26.3.1","2026-05-08 17:25:54","","","","","1.1.0","6.6.1","{""_q_adjust_adid"":""7abf4eade08d4f2aabaee37d2f81e57b"",""_q_firebase_instance_id"":""56E0309E1D9A41F0B5D1CEC03635946E""}","2026-05-11 17:28:33"
"2026-05-11 20:13:33","60003138317710","2026-05-08 20:13:33","Trial Expired","iOS SmartClean AI Storage","iOS","6759697123","com.phonecleaner.smartclean.storageclean.app.weekly.trial","21951690","GBP","0","0","0","0","","QON_2661287608ce4000b0bf8521e0712e2e","","iPhone16,1","97207334-4438-48C2-9E52-3F4716F14162","en","GB","iOS 26.3.1","2026-05-08 20:12:45","","","","","1.1.0","6.6.1","{""_q_adjust_adid"":""6b298a930003d048b8ef787a85b80d7c"",""_q_fb_anon_id"":""XZ93616A4E-069A-426B-97F7-9C4607B0EC4B"",""_q_firebase_instance_id"":""003D51BB660E4D10985B0A9EAEDC9FA4""}","2026-05-11 20:14:20"
"2026-05-11 20:14:00","560002563353854","2026-05-08 20:14:00","Trial Expired","iOS SmartClean AI Storage","iOS","6759697123","com.phonecleaner.smartclean.storageclean.app.weekly.trial","21951690","USD","0","0","0","0","","QON_7d8f6c25fe604aa8befdc6e51764f3a1","","iPhone18,1","554A78C8-377E-4809-9E7D-6D0368EF8D1E","en","US","iOS 26.4.2","2026-05-08 20:13:07","","","","","1.1.0","6.6.1","{""_q_adjust_adid"":""86c2b810483dcd941b082b60aa689835"",""_q_fb_anon_id"":""XZ72FAD28D-7C72-48AC-A56A-CD50985C7181"",""_q_firebase_instance_id"":""9B26F8CB27D54F619210E15CCA88D6A3""}","2026-05-11 20:14:43"
"2026-05-11 20:26:57","540002555532722","2026-05-08 20:26:57","Trial Canceled","iOS SmartClean AI Storage","iOS","6759697123","com.phonecleaner.smartclean.storageclean.app.weekly.trial","21951690","RON","0","0","0","0","","QON_2b8f40cbd80b4f269b949167aa100ca8","","iPhone 11","2A7E1A8D-0C66-48C8-837D-9BB73D1A1893","en","RO","iOS 26.1","2026-05-08 20:21:59","","","","","1.1.0","6.6.1","{""_q_adjust_adid"":""c4cc3008180925713199b6cced9b2abc"",""_q_fb_anon_id"":""XZ93E090CD-6B31-4447-B222-B8E49C667DE8"",""_q_firebase_instance_id"":""39D30AC06D5A4E19A3E5FA4A4D8CFA0E""}","2026-05-11 20:27:43"
"2026-05-11 20:26:57","540002555532722","2026-05-08 20:26:57","Trial Expired","iOS SmartClean AI Storage","iOS","6759697123","com.phonecleaner.smartclean.storageclean.app.weekly.trial","21951690","RON","0","0","0","0","","QON_2b8f40cbd80b4f269b949167aa100ca8","","iPhone 11","2A7E1A8D-0C66-48C8-837D-9BB73D1A1893","en","RO","iOS 26.1","2026-05-08 20:21:59","","","","","1.1.0","6.6.1","{""_q_adjust_adid"":""c4cc3008180925713199b6cced9b2abc"",""_q_fb_anon_id"":""XZ93E090CD-6B31-4447-B222-B8E49C667DE8"",""_q_firebase_instance_id"":""39D30AC06D5A4E19A3E5FA4A4D8CFA0E""}","2026-05-11 20:27:44"
"2026-05-11 21:14:41","560002563410298","2026-05-08 21:14:41","Trial Expired","iOS SmartClean AI Storage","iOS","6759697123","com.phonecleaner.smartclean.storageclean.app.weekly.trial","21951690","GBP","0","0","0","0","","QON_1940c3ea4b114865a2bc534c791fea65","","iPhone17,5","AF760BA7-6C10-4ADF-92E0-B816185287AC","en","GB","iOS 26.4.2","2026-05-08 20:58:33","","","","","1.1.0","6.6.1","{""_q_adjust_adid"":""fab53ede7826d85661ecb449799225a6"",""_q_fb_anon_id"":""XZ7E8EDD3F-2E22-4A9E-A79A-34319CFC89A7"",""_q_firebase_instance_id"":""6549912625724006AFF3D497D2813797""}","2026-05-11 21:15:26"
"2026-05-11 00:11:49","120003720963211","2026-05-09 00:11:49","Trial Still Active","iOS SmartClean AI Storage","iOS","6759697123","com.phonecleaner.smartclean.storageclean.app.weekly.trial","21951690","USD","0","0","0","0","","QON_e5b5e76e520a4ed8bcc34d921cdadfb2","","iPhone16,1","13FBC501-19F3-48B1-B234-1E908275DB95","en","US","iOS 26.4.2","2026-05-08 20:13:27","","","","","1.1.0","6.6.1","{""_q_adjust_adid"":""660f99663db3451b65c69426edc7d229"",""_q_fb_anon_id"":""XZ75689CA1-099A-4448-A36E-081F19F41BCF"",""_q_firebase_instance_id"":""1258C18EDAAC45F0B82696D03852E155""}","2026-05-11 05:18:20"
"2026-05-11 00:17:41","430003032534335","2026-05-09 00:17:41","Trial Still Active","iOS SmartClean AI Storage","iOS","6759697123","com.phonecleaner.smartclean.storageclean.app.weekly.trial","21951690","GBP","0","0","0","0","","QON_6ad0dbc1b718464994cb2dd321db7550","","iPhone16,2","6AEF0537-AC4F-4330-8DE1-14D571EDA1BA","en","GB","iOS 18.7.1","2026-05-09 00:16:37","","","","","1.1.0","6.6.1","{""_q_adjust_adid"":""9c55f5bf62c695a2d6f127648f1e8858"",""_q_fb_anon_id"":""XZ150CA787-C5D4-4B9A-B96F-76363D11527D"",""_q_firebase_instance_id"":""F131D6383FBE4FB7BA5D09E8E8F6EFAD""}","2026-05-11 07:26:44"
"2026-05-11 01:52:36","720002524082654","2026-05-09 01:52:36","Trial Still Active","iOS SmartClean AI Storage","iOS","6759697123","com.phonecleaner.smartclean.storageclean.app.weekly.trial","21951690","USD","0","0","0","0","","QON_904a496cad104b57af17b4542afa1953","","iPad 6","D75570E5-124C-4F10-B890-21A65BB28D5B","en","US","iOS 18.1.1","2026-05-09 01:44:20","","","","","1.1.0","6.6.1","{""_q_adjust_adid"":""ba83ce528e5e6ef48a645d02071c74ff"",""_q_fb_anon_id"":""XZD4CFE9A7-EA8C-4BAC-B736-6EC77171219C"",""_q_firebase_instance_id"":""47C6EA3017544B758C6F685614C90320""}","2026-05-11 08:39:12"
"2026-05-11 02:58:11","120003721206797","2026-05-09 02:58:11","Trial Still Active","iOS SmartClean AI Storage","iOS","6759697123","com.phonecleaner.smartclean.storageclean.app.weekly.trial","21951690","EUR","0","0","0","0","","QON_b0f46b6595f740899203214f119e8804","","iPhone17,3","FD382CB5-3C4B-4CC3-98EC-C29531BC2500","es","NL","iOS 26.2","2026-05-09 02:14:56","","","","","1.1.0","6.6.1","{""_q_adjust_adid"":""68fb1ab89fc628ea1d6a406ca6d9fdb4"",""_q_firebase_instance_id"":""D7890FD47C31423680B9F77B9F7A0CF7""}","2026-05-11 11:28:10"
"2026-05-11 13:39:48","550002946125723","2026-05-09 07:07:27","Trial Canceled","iOS SmartClean AI Storage","iOS","6759697123","com.phonecleaner.smartclean.storageclean.app.weekly.trial","21951690","USD","0","0","0","0","","QON_ec8880713db648318b897b15f65b0d22","","iPad15,7","55B78E7F-908D-4CEE-8EFD-9CBCA24345F2","en","US","iOS 26.4.2","2026-05-09 06:30:18","","","","","1.1.0","6.6.1","{""_q_adjust_adid"":""929b45cd8d57b18400e065228afca377"",""_q_fb_anon_id"":""XZ0CECD922-5808-4532-B333-C948B3607E74"",""_q_firebase_instance_id"":""66018D84DF964D5F80281032B511C971""}","2026-05-11 13:39:48"
"2026-05-11 08:10:26","300003107734966","2026-05-09 08:10:26","Trial Still Active","iOS SmartClean AI Storage","iOS","6759697123","com.phonecleaner.smartclean.storageclean.app.weekly.trial","21951690","USD","0","0","0","0","","QON_aa2f8bb4f5884f0bab5b4e2473064f0b","","iPhone 11","D3D6DF4A-557D-4AE5-AE71-63117CCE453B","en","US","iOS 18.6.2","2026-05-09 08:05:45","","","","","1.1.0","6.6.1","{""_q_adjust_adid"":""58aab80652478dfc2653fa68dc300e33"",""_q_fb_anon_id"":""XZEF225CF8-82E2-4C5B-8A5D-1DF6DEF79B0B"",""_q_firebase_instance_id"":""86FD3D2F7BF840F88BCEAB9DCA34B1CD""}","2026-05-11 14:54:22"
"2026-05-11 08:56:17","730002492796063","2026-05-09 08:56:17","Trial Still Active","iOS SmartClean AI Storage","iOS","6759697123","com.phonecleaner.smartclean.storageclean.app.weekly.trial","21951690","EUR","0","0","0","0","","QON_5d383a6c5a044d349c7ec8583516ad95","","iPhone 12","6E7833B7-95AE-4B34-AD63-13E2F7780661","fr","FR","iOS 17.6.1","2026-05-09 08:55:36","","","","","1.1.0","6.6.1","{""_q_adjust_adid"":""ce1a74856f72d16f62ade1e19cefce04"",""_q_firebase_instance_id"":""DC5C503DA1D0495AB9373E6729F227CC""}","2026-05-11 15:43:45"
"2026-05-11 10:14:12","420003110747440","2026-05-09 10:14:12","Trial Still Active","iOS SmartClean AI Storage","iOS","6759697123","com.phonecleaner.smartclean.storageclean.app.weekly.trial","21951690","EUR","0","0","0","0","","QON_ae972fd199194fd58533e415bfc93392","","iPhone14,5","D1DF9220-81D8-49E0-85A2-5168E8092817","fr","FR","iOS 26.0","2026-05-09 10:12:41","","","","","1.1.0","6.6.1","{""_q_adjust_adid"":""2aaa142d32c217273610db475131805d"",""_q_firebase_instance_id"":""F889DAA6F07D43649B9955AC5836B3D4""}","2026-05-11 16:24:48"
"2026-05-11 10:53:31","240002470645681","2026-05-09 10:53:31","Trial Still Active","iOS SmartClean AI Storage","iOS","6759697123","com.phonecleaner.smartclean.storageclean.app.weekly.trial","21951690","USD","0","0","0","0","","QON_4024d929b21245a19af016c7d7682152","","iPhone15,3","B8C73469-271E-4843-88B2-20C125CA1910","en","US","iOS 26.4.2","2026-05-08 20:12:43","","","","","1.1.0","6.6.1","{""_q_adjust_adid"":""5352d0b17248d9b6b2b3557471b8344a"",""_q_fb_anon_id"":""XZC8EFE2D0-BFFB-4020-B810-6BACCED7A628"",""_q_firebase_instance_id"":""C2C68B35A22C4E77ADEBDCF977799E06""}","2026-05-11 22:36:10"
"2026-05-11 11:59:06","300003108036492","2026-05-09 11:59:06","Trial Still Active","iOS SmartClean AI Storage","iOS","6759697123","com.phonecleaner.smartclean.storageclean.app.weekly.trial","21951690","GBP","0","0","0","0","","QON_51b709a4908840c49d7e65f4c33b1a7e","","iPhone14,4","0427F906-46DB-49E3-9352-8D69235F4536","en","GB","iOS 26.5","2026-05-09 11:57:39","","","","","1.1.0","6.6.1","{""_q_adjust_adid"":""664674c41c669a4467bbfd3f53eda407"",""_q_fb_anon_id"":""XZ699B87BC-4E75-45C2-9AC0-28A215ECC276"",""_q_firebase_instance_id"":""9543DBA1A07D432D926B83413EAF448A""}","2026-05-11 17:53:49"
"2026-05-11 12:48:07","180003444724646","2026-05-09 12:48:07","Trial Still Active","iOS SmartClean AI Storage","iOS","6759697123","com.phonecleaner.smartclean.storageclean.app.weekly.trial","21951690","USD","0","0","0","0","","QON_fe32e909ef5d449f8c90a5a53003411e","","iPhone16,1","37159C2C-C5B3-4C65-BCC4-5A8014DEE019","en","US","iOS 26.3.1","2026-05-09 12:47:06","","","","","1.1.0","6.6.1","{""_q_adjust_adid"":""5da00c3c207ba0a8510ff1021fae14c3"",""_q_fb_anon_id"":""XZB8866F6E-664A-4D93-ABC3-14AF571E54E0"",""_q_firebase_instance_id"":""11A7BEDC4AC4462FA2725FDBC4A6A8EE""}","2026-05-11 22:21:12"
"2026-05-11 14:44:03","450002930853287","2026-05-09 14:44:03","Trial Still Active","iOS SmartClean AI Storage","iOS","6759697123","com.phonecleaner.smartclean.storageclean.app.weekly.trial","21951690","USD","0","0","0","0","","QON_82924294551b4700ad570ef47ef9aeb9","","iPad Pro","F89A54E4-08BF-44E0-87F2-72462BCE50A1","en","US","iOS 17.7.10","2026-04-26 22:32:45","","","","","1.1.0","6.6.1","{""_q_adjust_adid"":""97f5be3567f5314a4878f57546f616fb"",""_q_fb_anon_id"":""XZ9A0AF9B0-A851-4F27-88C4-3CB227F93C58"",""_q_firebase_instance_id"":""581A58CB46EF441D8BA69CB4A4AC19CD""}","2026-05-11 20:54:07"
"2026-05-11 15:22:14","160003368926461","2026-05-09 15:22:14","Trial Still Active","iOS SmartClean AI Storage","iOS","6759697123","com.phonecleaner.smartclean.storageclean.app.weekly.trial","21951690","USD","0","0","0","0","","QON_ab94a993c2b64c3c8cd1fb362c3ef849","","iPhone15,4","53EFF96E-97D8-45B3-AB1D-09C2A96CAF19","en","US","iOS 26.3","2026-04-21 09:26:32","","","","","1.1.0","6.6.1","{""_q_adjust_adid"":""890438bfa553dec7bb2ed7c4da08d32e"",""_q_fb_anon_id"":""XZ18A6A9B8-9476-49A1-90FC-8C7295AA33EE"",""_q_firebase_instance_id"":""121B722738F543A8AAA795FF80FEACFC""}","2026-05-12 00:17:42"
"2026-05-11 22:05:28","390002329191066","2026-05-09 13:04:41","Subscription Canceled","iOS SmartClean AI Storage","iOS","6759697123","com.phonecleaner.smartclean.storageclean.app.weekly.trial","21951690","USD","9.99","6.99","9.99","6.99","","QON_be181a25ad894572ab5ce68bb99636ca","","iPhone18,4","B047C4CD-87B2-4EA5-8842-77447B9F4C36","en","US","iOS 26.3.1","2026-04-21 14:13:19","","","","","1.0.8","6.6.1","{""_q_adjust_adid"":""dbd6ae6367d47419f28fd257edb04e57"",""_q_fb_anon_id"":""XZ46BC6AC1-76F5-4317-AF1E-51213A516C34"",""_q_firebase_instance_id"":""493F62BCD9B34B33B140295A13B5BE41""}","2026-05-11 22:05:28"
"2026-05-11 00:40:29","520002799535478","2026-05-09 20:36:28","Subscription Canceled","iOS SmartClean AI Storage","iOS","6759697123","com.phonecleaner.smartclean.storageclean.app.weekly.trial","21951690","GBP","9.99","6.99","13.62","9.53","","QON_b3d75a12f27245e0a02b056a1d335c5b","","iPad 8","0BE6DC6B-553D-4E6B-8FBD-C4511BB22691","en","GB","iOS 26.4.2","2026-05-06 20:35:33","","","","","1.0.9","6.6.1","{""_q_adjust_adid"":""b96316ede605cc4e1f29017377fb64c0"",""_q_fb_anon_id"":""XZF64DE7B7-0F8B-41BB-80EF-64FBFD252DF9"",""_q_firebase_instance_id"":""E4564001732D455EBC949D37CF691B8D""}","2026-05-11 00:40:29"
"2026-05-11 01:08:20","360003094904256","2026-05-09 20:57:26","Trial Canceled","iOS SmartClean AI Storage","iOS","6759697123","com.phonecleaner.smartclean.storageclean.app.weekly.trial","21951690","RON","0","0","0","0","","QON_33143fc42fcc4012a52ea546c0b9107a","","iPhone17,2","A3BC73AB-F798-461E-A386-64C19D40216F","en","RO","iOS 26.5","2026-05-09 20:56:37","","","","","1.1.0","6.6.1","{""_q_adjust_adid"":""c365dc1109c1091a709cab2f5514161c"",""_q_fb_anon_id"":""XZ222C0834-8378-461B-BE5C-63C93E2B26D3"",""_q_firebase_instance_id"":""329EE3C3A12645B4822516A661BAA368""}","2026-05-11 01:08:20"
"2026-05-11 00:42:08","370002708121420","2026-05-09 22:11:31","Trial Canceled","iOS SmartClean AI Storage","iOS","6759697123","com.phonecleaner.smartclean.storageclean.app.weekly.trial","21951690","GBP","0","0","0","0","","QON_7839f9a019eb41b085a466e1eab19972","","iPhone15,4","BA8950BA-27FF-45DE-8570-7D6CA2F293D3","en","GB","iOS 26.3.1","2026-05-09 22:11:08","","","","","1.1.0","6.6.1","{""_q_adjust_adid"":""95bdbb25d0f34e0e1b8428b86d5f2e8a"",""_q_firebase_instance_id"":""6CDAEDB38C17497D872E6B0A8751358E""}","2026-05-11 00:42:08"
"2026-05-11 01:27:02","230003398445828","2026-05-09 22:26:08","Trial Canceled","iOS SmartClean AI Storage","iOS","6759697123","com.phonecleaner.smartclean.storageclean.app.weekly.trial","21951690","USD","0","0","0","0","","QON_3dc0cee01b834208826e1fac244d3766","","iPhone15,4","EAF5ED85-A93B-4029-B06F-5AAD5FD3761B","en","US","iOS 26.4.2","2026-05-09 22:25:36","","","","","1.1.0","6.6.1","{""_q_fb_anon_id"":""XZ0CBC1F94-CEB9-4D2A-8506-C4EDE7017BA2"",""_q_firebase_instance_id"":""628DE6B38DA1410DA4DAB3A986049052""}","2026-05-11 01:27:02"
"2026-05-11 00:53:34","410003203646263","2026-05-09 22:28:06","Trial Canceled","iOS SmartClean AI Storage","iOS","6759697123","com.phonecleaner.smartclean.storageclean.app.weekly.trial","21951690","USD","0","0","0","0","","QON_7847b62d641247bc9346f437f4e3a8a0","","iPhone14,5","BB209CA3-9B26-4BBE-A392-ABE3D5A0064E","en","US","iOS 26.4.2","2026-05-09 22:25:45","","","","","1.1.0","6.6.1","{""_q_adjust_adid"":""f382f84f1631a831aa6d721931c80199"",""_q_fb_anon_id"":""XZF263515A-D6C3-43B4-A68D-A25AC1F156B4"",""_q_firebase_instance_id"":""EA55027F471A4F298A8E0D1CE5972C8F""}","2026-05-11 00:53:34"
"2026-05-11 01:24:07","290003006453405","2026-05-09 22:32:07","Trial Canceled","iOS SmartClean AI Storage","iOS","6759697123","com.phonecleaner.smartclean.storageclean.app.weekly.trial","21951690","GBP","0","0","0","0","","QON_52748a9dd26d4099b09b5c81fc7a6e54","","iPhone15,4","5D7745F0-1C37-4DB0-8A32-ADC597D46103","en","GB","iOS 26.4.2","2026-05-09 22:14:52","","","","","1.1.0","6.6.1","{""_q_adjust_adid"":""9cae43ff02a826651a853db28ad78f52"",""_q_fb_anon_id"":""XZE3B76399-77DC-40F7-BD42-1AF2A0E0AFE5"",""_q_firebase_instance_id"":""11559DCFA5664809BDC93BB636EA8D10""}","2026-05-11 01:24:07"
"2026-05-11 02:34:09","200003351424263","2026-05-09 22:35:19","Trial Canceled","iOS SmartClean AI Storage","iOS","6759697123","com.phonecleaner.smartclean.storageclean.app.weekly.trial","21951690","BRL","0","0","0","0","","QON_e6feeb0aadb143799aa1197e54af2932","","iPhone17,2","E048A2D3-A606-4AA2-8770-EDE3D57633BD","pt","BR","iOS 26.4.2","2026-05-09 22:20:20","","","","","1.1.0","6.6.1","{""_q_adjust_adid"":""37a8964555f0a96807656f59620b0e46"",""_q_fb_anon_id"":""XZ22E1C270-D92E-4B79-86AE-8D87CFB72003"",""_q_firebase_instance_id"":""1A580F5CC6E44C80BE66EB24CE62A18D""}","2026-05-11 02:34:09"
"2026-05-11 01:24:47","100002685102983","2026-05-09 23:08:39","Trial Canceled","iOS SmartClean AI Storage","iOS","6759697123","com.phonecleaner.smartclean.storageclean.app.weekly.trial","21951690","USD","0","0","0","0","","QON_88438bd555774203b8000ed1058e7e0f","","iPhone17,3","2B41747E-6B1D-4EE8-A4A2-9BCA3F71433F","en","US","iOS 26.4.2","2026-05-09 23:08:09","","","","","1.1.0","6.6.1","{""_q_adjust_adid"":""c33d03a8cd850ad8c9efefeadd9dc189"",""_q_fb_anon_id"":""XZ02BF55E1-92AD-4F13-BC1E-37B00F55F3EC"",""_q_firebase_instance_id"":""AD01E58F5C51418CBC20F1601D01F5B9""}","2026-05-11 01:24:47"
"2026-05-11 04:01:18","530002879177644","2026-05-09 23:40:23","Trial Canceled","iOS SmartClean AI Storage","iOS","6759697123","com.phonecleaner.smartclean.storageclean.app.weekly.trial","21951690","USD","0","0","0","0","","QON_c2df55a029584fb8998680078d957c68","","iPhone14,7","11E92974-C684-45B1-8FED-5D45C990B131","en","US","iOS 26.4.2","2026-05-09 23:25:31","","","","","1.1.0","6.6.1","{""_q_fb_anon_id"":""XZA5F402F3-7196-4338-9EB4-EDE4E08623FA"",""_q_firebase_instance_id"":""A95D93044BF0471CA8AFB6C1E94F90B2""}","2026-05-11 04:01:18"
"2026-05-11 06:49:13","460003181605975","2026-05-10 02:18:02","Trial Canceled","iOS SmartClean AI Storage","iOS","6759697123","com.phonecleaner.smartclean.storageclean.app.weekly.trial","21951690","USD","0","0","0","0","","QON_be8f17b83cb449f38eace7f11aae64aa","","iPhone17,2","53813DF7-29EA-4DF4-85B1-26AB2DE6351A","en","US","iOS 26.4.2","2026-05-10 02:17:07","","","","","1.1.0","6.6.1","{""_q_adjust_adid"":""a8b397237a621a31f59173a8a0cef0c2"",""_q_fb_anon_id"":""XZ0F154EFB-250D-4E78-8B23-A859094BEED9"",""_q_firebase_instance_id"":""F535A771D57B466CA68204CEEDCF1823""}","2026-05-11 06:49:13"
"2026-05-11 10:29:07","520002800660012","2026-05-10 05:45:12","Trial Canceled","iOS SmartClean AI Storage","iOS","6759697123","com.phonecleaner.smartclean.storageclean.app.weekly.trial","21951690","USD","0","0","0","0","","QON_c0787c06630848ec8c25c1ae79eea754","","iPad13,18","4A043630-2709-48D0-99B0-E7FEF77F7C92","en","MX","iOS 26.4.2","2026-05-10 05:43:46","","","","","1.1.0","6.6.1","{""_q_adjust_adid"":""66a9e54562d86ccdfd0d614706840807"",""_q_fb_anon_id"":""XZF1E99AA1-0B31-4898-91A2-8CDC8A8483E5"",""_q_firebase_instance_id"":""5D1F5AB9FA1F4FDF986514403044F77C""}","2026-05-11 10:29:07"
"2026-05-11 10:52:41","250002816770193","2026-05-10 07:06:59","Trial Canceled","iOS SmartClean AI Storage","iOS","6759697123","com.phonecleaner.smartclean.storageclean.app.weekly.trial","21951690","EUR","0","0","0","0","","QON_1b324218411b43f1849d100f9c6a61c7","","iPhone14,5","7EF1B4EB-4E2B-4D22-B5BF-A6E26783C674","en","LV","iOS 26.3.1","2026-05-09 14:54:19","","","","","1.1.0","6.6.1","{""_q_adjust_adid"":""9c758bcb5281f43efeaca0dd4882b791"",""_q_fb_anon_id"":""XZ808BB9D7-118E-417D-A63A-0423A3E534A9"",""_q_firebase_instance_id"":""CD19BFEF4C2649A6ABFCB7A283E40C9D""}","2026-05-11 10:52:41"
"2026-05-11 12:46:10","90003233688941","2026-05-10 07:57:25","Trial Canceled","iOS SmartClean AI Storage","iOS","6759697123","com.phonecleaner.smartclean.storageclean.app.weekly.trial","21951690","GBP","0","0","0","0","","QON_59ebcb850d6148f9836bd6840ed38123","","iPhone14,5","85E7AC57-130E-4464-AAE1-0F3365156AAE","en","GB","iOS 26.4.2","2026-05-10 07:56:17","","","","","1.1.0","6.6.1","{""_q_adjust_adid"":""2abeee368be68fe756f89b6e963aeeba"",""_q_fb_anon_id"":""XZ215C2558-27DE-4AAB-95B7-C6B38505ECAA"",""_q_firebase_instance_id"":""7D62AF94B6A44BC0AC9F3741F8CA7EA0""}","2026-05-11 12:46:10"
"2026-05-11 11:26:10","700002579442949","2026-05-10 08:27:22","Trial Canceled","iOS SmartClean AI Storage","iOS","6759697123","com.phonecleaner.smartclean.storageclean.app.weekly.trial","21951690","SEK","0","0","0","0","","QON_3c227b701eca425c8bd74c90e52cbd3a","","iPhone 11","8C35E62C-8465-4516-8518-9320D74C767C","sv","SE","iOS 18.6.2","2026-05-10 08:20:31","","","","","1.1.0","6.6.1","{""_q_adjust_adid"":""81fa60f620b1dd6a7250a669f96e37fb"",""_q_firebase_instance_id"":""342F050FCE6342709BBA1E571EAFE4A0""}","2026-05-11 11:26:10"
"2026-05-11 12:00:37","170003582439350","2026-05-10 08:57:11","Trial Canceled","iOS SmartClean AI Storage","iOS","6759697123","com.phonecleaner.smartclean.storageclean.app.weekly.trial","21951690","HUF","0","0","0","0","","QON_0d5654e147ca4c399b927647d2a55395","","iPhone14,5","0CB49224-ADA5-45AD-9480-B72434991DEE","en","HU","iOS 26.3.1","2026-05-10 08:50:35","","","","","1.1.0","6.6.1","{""_q_adjust_adid"":""55d970fd12800097677fd6a3e282d618"",""_q_firebase_instance_id"":""7B510E926ED84350A85BDA8B3D75C800""}","2026-05-11 12:00:37"
"2026-05-11 13:15:42","170003582575040","2026-05-10 10:32:42","Trial Canceled","iOS SmartClean AI Storage","iOS","6759697123","com.phonecleaner.smartclean.storageclean.app.weekly.trial","21951690","GBP","0","0","0","0","","QON_3c21b076aab546fd871402ce820480ad","","iPhone 11","34B74C86-DD63-49E5-B324-B7CA1F263826","en","GB","iOS 26.4.2","2026-05-10 09:59:15","","","","","1.1.0","6.6.1","{""_q_adjust_adid"":""3e899403d3aa5665bc6d9d985c88b50e"",""_q_fb_anon_id"":""XZA940F7DA-7EEC-4B5E-9C16-97223D0686FC"",""_q_firebase_instance_id"":""4E88520153564106BBFA2E027024AEE1""}","2026-05-11 13:15:42"
"2026-05-11 17:37:15","230003399633515","2026-05-10 12:52:05","Trial Canceled","iOS SmartClean AI Storage","iOS","6759697123","com.phonecleaner.smartclean.storageclean.app.weekly.trial","21951690","EUR","0","0","0","0","","QON_6f8a37a2600f4d44b09c9fea45093811","","iPhone14,2","3EEE4EDE-1540-4378-95FB-67DA7144138D","it","IT","iOS 26.0.1","2026-05-10 12:51:10","","","","","1.1.0","6.6.1","{""_q_adjust_adid"":""ab99c2aa378a6a7d03014176b38b4e9f"",""_q_fb_anon_id"":""XZ2BF1CE89-0184-4804-9695-69652702B404"",""_q_firebase_instance_id"":""C8C34603A1F044D9B91306FCD0A88F82""}","2026-05-11 17:37:15"
"2026-05-11 17:39:42","90003233635149","2026-05-10 15:08:24","Subscription Canceled","iOS SmartClean AI Storage","iOS","6759697123","com.phonecleaner.smartclean.storageclean.app.weekly.trial","21951690","EUR","9.99","6.99","11.78","8.24","","QON_b87643f22ccd4ec5a6c208599217a687","","iPhone14,5","D9B74A99-E87B-4221-8772-09E3CD7F3E61","de","DE","iOS 26.3.1","2026-05-07 15:06:56","","","","","1.0.9","6.6.1","{""_q_adjust_adid"":""ded1cb7beb577e1454a64956e7815f34"",""_q_firebase_instance_id"":""5FFB72F85DCB4FF789EFB597C97963D4""}","2026-05-11 17:39:42"
"2026-05-11 20:01:32","600002605714323","2026-05-10 15:11:51","Trial Canceled","iOS SmartClean AI Storage","iOS","6759697123","com.phonecleaner.smartclean.storageclean.app.weekly.trial","21951690","GBP","0","0","0","0","","QON_82e3394bbaa24de7843716f4edab7d6d","","iPhone17,3","5B45DA2C-34B6-4D63-91E6-2DA9F6AFD8EF","en","GB","iOS 26.1","2026-05-10 15:10:45","","","","","1.1.0","6.6.1","{""_q_adjust_adid"":""23235b5167fe30385f49d7d6b0b62497"",""_q_fb_anon_id"":""XZ47E3DC38-E242-482E-A019-3B4D2AA40832"",""_q_firebase_instance_id"":""3F4401859AFE4C08809A319174096B9D""}","2026-05-11 20:01:32"
"2026-05-11 19:22:03","480003216409797","2026-05-10 16:32:24","Trial Canceled","iOS SmartClean AI Storage","iOS","6759697123","com.phonecleaner.smartclean.storageclean.app.weekly.trial","21951690","USD","0","0","0","0","","QON_9c4394f2403f46ffa08c390225dfc106","","iPhone17,4","046A7D1C-542C-4E7B-B5AB-B1DAB3BB470E","en","US","iOS 26.4.2","2026-05-10 16:31:52","","","","","1.1.0","6.6.1","{""_q_adjust_adid"":""8cfacc6a11454e129f94fd5074b8d69e"",""_q_fb_anon_id"":""XZ374B10CF-38D7-49A8-B918-669ED0DC469F"",""_q_firebase_instance_id"":""079F8662E88B4523BBB68F6AC7666F58""}","2026-05-11 19:22:03"
"2026-05-11 22:26:18","590002626974050","2026-05-10 17:38:14","Trial Canceled","iOS SmartClean AI Storage","iOS","6759697123","com.phonecleaner.smartclean.storageclean.app.weekly.trial","21951690","RON","0","0","0","0","","QON_ca888234df9d4c3cafbbdc929e4de0d2","","iPhone15,3","D399E5A7-979D-46BE-88E2-6CDFDB681C0C","en","RO","iOS 18.6.2","2026-05-10 17:36:53","","","","","1.1.0","6.6.1","{""_q_adjust_adid"":""ce8635273289854ee5243e89131eb762"",""_q_firebase_instance_id"":""3FD9419CB2BA43DAB1CE571003086573""}","2026-05-11 22:26:18"
"2026-05-11 21:33:03","350003299912791","2026-05-10 17:45:27","Trial Canceled","iOS SmartClean AI Storage","iOS","6759697123","com.phonecleaner.smartclean.storageclean.app.weekly.trial","21951690","USD","0","0","0","0","","QON_1287f32d2cd642ec891ed4bcc0573999","","iPhone 12","C2AC8022-4E75-4CA8-BEA9-E8EFBCDC4163","en","US","iOS 26.4.2","2026-05-10 17:44:02","","","","","1.1.0","6.6.1","{""_q_fb_anon_id"":""XZ67D02B3F-F0B4-48C1-BCE1-49027789F671"",""_q_firebase_instance_id"":""36A6EC12B519432795F0EA0718F735DE""}","2026-05-11 21:33:03"
"2026-05-11 22:43:05","720002526757719","2026-05-10 18:03:11","Trial Canceled","iOS SmartClean AI Storage","iOS","6759697123","com.phonecleaner.smartclean.storageclean.app.weekly.trial","21951690","EUR","0","0","0","0","","QON_2ae39d5abbdd4266add05d4dd3080aa3","","iPhone15,2","1BEF0C4E-9378-4CC2-BEC9-3D558BAFC171","fr","FR","iOS 26.4.2","2026-05-10 18:02:32","","","","","1.1.0","6.6.1","{""_q_adjust_adid"":""3dfc4c5ae1d0b17fe2a138ecb25255be"",""_q_firebase_instance_id"":""458666E811B3412B80212EAC9BB9BE77""}","2026-05-11 22:43:05"
"2026-05-11 22:36:03","330002937124122","2026-05-10 18:10:53","Trial Canceled","iOS SmartClean AI Storage","iOS","6759697123","com.phonecleaner.smartclean.storageclean.app.weekly.trial","21951690","USD","0","0","0","0","","QON_354115fa8f5e488e942f3d2f0221b44a","","iPhone17,4","362AF44D-1ECE-4950-A8FD-6CEF53BB7E8B","en","US","iOS 26.4.2","2026-05-06 19:55:45","","","","","1.1.0","6.6.1","{""_q_adjust_adid"":""22a1ff5aafd29ddf094a33dff5307b7e"",""_q_fb_anon_id"":""XZ238A297F-2941-474C-AD0F-5A37FDD8A955"",""_q_firebase_instance_id"":""F8D0D84199D8455099109A23149A5386""}","2026-05-11 22:36:03"
"2026-05-11 22:19:13","30003289091658","2026-05-10 18:36:37","Trial Canceled","iOS SmartClean AI Storage","iOS","6759697123","com.phonecleaner.smartclean.storageclean.app.weekly.trial","21951690","USD","0","0","0","0","","QON_2d54cf3ea5fa4eaab07dbcda15077629","","iPhone 11","4A94B9C6-74CC-473D-A316-10DA67527B86","en","US","iOS 26.4.2","2026-05-10 18:34:02","","","","","1.1.0","6.6.1","{""_q_adjust_adid"":""14d2bad3d08248802907c67f965f159b"",""_q_firebase_instance_id"":""9B6FE50341784DF0BC5D8ED4E4F7D305""}","2026-05-11 22:19:13"
"2026-05-11 22:48:08","180003447312369","2026-05-10 18:50:16","Trial Canceled","iOS SmartClean AI Storage","iOS","6759697123","com.phonecleaner.smartclean.storageclean.app.weekly.trial","21951690","EUR","0","0","0","0","","QON_02878ca5dacd4534826a7fb0690a0f58","","iPad 8","55DC0BA5-2B7B-47EE-A53C-D61177E057AC","de","DE","iOS 26.4.2","2026-05-10 17:41:26","","","","","1.1.0","6.6.1","{""_q_adjust_adid"":""08c5aeece5042eeb753537a6e79c0ab5"",""_q_fb_anon_id"":""XZ37FDBB7E-3F83-4D45-A591-F6F77F70D056"",""_q_firebase_instance_id"":""107E49715F02444E972106B9DCF68C8D""}","2026-05-11 22:48:08"
"2026-05-11 23:00:29","410003205285109","2026-05-10 19:24:40","Trial Canceled","iOS SmartClean AI Storage","iOS","6759697123","com.phonecleaner.smartclean.storageclean.app.weekly.trial","21951690","USD","0","0","0","0","","QON_0380ecd5ddb745adb1f322ad0f3ff19a","","iPhone15,4","229438E1-CF51-4AA0-BCA9-A9377BAE6FE6","en","US","iOS 26.4.2","2026-05-10 19:23:18","","","","","1.1.0","6.6.1","{""_q_adjust_adid"":""95b05bcbf8705db82b50dc0b3ff076fe"",""_q_fb_anon_id"":""XZFA7C1E69-6D68-494C-A94C-6270F04DDED0"",""_q_firebase_instance_id"":""4FC19C6B5BAB4055B365B7F93DE7F0DE""}","2026-05-11 23:00:29"
"2026-05-11 22:46:04","550002948821267","2026-05-10 19:28:02","Trial Canceled","iOS SmartClean AI Storage","iOS","6759697123","com.phonecleaner.smartclean.storageclean.app.weekly.trial","21951690","USD","0","0","0","0","","QON_f84dbc4c81ff457f97708f9a14fc6755","","iPhone 12","14147661-2030-47FC-8E35-1FCC3B4979BB","en","US","iOS 17.5.1","2026-04-19 01:53:19","","","","","1.1.0","6.6.1","{""_q_adjust_adid"":""7aec2dbd1412c4a3703d3676fab35410"",""_q_fb_anon_id"":""XZ60DA1013-BFCC-4AA6-AAA4-CC8FFD3C9666"",""_q_firebase_instance_id"":""47EB6FDEE5804E5E975F2B9AA9A70ADE""}","2026-05-11 22:46:04"
"2026-05-11 23:36:26","490002853271900","2026-05-10 20:45:26","Trial Canceled","iOS SmartClean AI Storage","iOS","6759697123","com.phonecleaner.smartclean.storageclean.app.weekly.trial","21951690","GBP","0","0","0","0","","QON_88f229e4696b48fd90d9ba96468e651f","","iPhone18,2","17EAE3EE-6C00-46C5-B49A-B4A1D9E43824","en","GB","iOS 26.0","2026-05-10 20:44:05","","","","","1.1.0","6.6.1","{""_q_adjust_adid"":""a4502e59b2f97868b15f9d827dc3525a"",""_q_fb_anon_id"":""XZ462EC940-F008-426F-AA09-6094D8DCD296"",""_q_firebase_instance_id"":""9AAF77A0F75147BDB7233D2790BE014C""}","2026-05-11 23:36:26"
"2026-05-11 03:48:02","230003400265256","2026-05-11 03:48:02","Subscription Renewed","iOS SmartClean AI Storage","iOS","6759697123","com.phonecleaner.smartclean.storageclean.app.weekly.trial","21951690","GBP","9.99","6.99","13.62","9.53","","QON_b323cb9ffd5e41739c8d0e45806185dd","","iPhone14,4","5572F6DF-95B4-4F94-B373-DD87EAE876D8","en","GB","iOS 26.3.1","2026-04-24 03:46:29","","","","","1.0.9","6.6.1","{""_q_adjust_adid"":""3d8e7fe62a2c83cd839ea8fa1291f712"",""_q_fb_anon_id"":""XZC1A3767F-79C5-4B6C-8118-1CA897C18E2F"",""_q_firebase_instance_id"":""02BF3A4781E24403B970FAE1B617729C""}","2026-05-10 22:02:45"
"2026-05-11 00:10:28","70003512454236","2026-05-11 00:10:28","Trial Started","iOS SmartClean AI Storage","iOS","6759697123","com.phonecleaner.smartclean.storageclean.app.weekly.trial","21951690","GBP","0","0","0","0","","QON_e70d8fffda4440b990245a46225ac5ae","","iPhone14,7","95467A56-9FEA-467E-B8FD-64F5049C87DD","en","GB","iOS 26.3.1","2026-05-11 00:09:13","","","","","1.1.0","6.6.1","{""_q_adjust_adid"":""b07ad9a7f60805ed36a8c98595bdc95e"",""_q_firebase_instance_id"":""D1C62564B6204078824DC26682D971E5""}","2026-05-11 00:10:35"
"2026-05-11 00:30:07","730002494840429","2026-05-11 00:30:07","Subscription Renewed","iOS SmartClean AI Storage","iOS","6759697123","com.phonecleaner.smartclean.storageclean.app.weekly.trial","21951690","USD","9.99","6.99","9.99","6.99","","QON_82467a5a69f24319a63c06ce95749d8e","","iPhone18,3","CB2C39AC-A910-4FDC-92CB-B45A6CCE6086","en","US","iOS 26.3.1","2026-04-22 02:32:29","","","","","1.0.8","6.6.1","{""_q_adjust_adid"":""0609d5afd0d5285217b3a55eb60444cd"",""_q_fb_anon_id"":""XZBD8DCE46-1025-44CA-BD47-CCD6E21287E2"",""_q_firebase_instance_id"":""FFFF7D18340D42F4AB07316965F64BF1""}","2026-05-11 00:30:51"
"2026-05-11 00:47:57","500002838883620","2026-05-11 00:47:57","Trial Converted","iOS SmartClean AI Storage","iOS","6759697123","com.phonecleaner.smartclean.storageclean.app.weekly.trial","21951690","USD","9.99","6.99","9.99","6.99","","QON_65ef8f5898fa40fb90aae2694f5fd7bb","","iPhone17,3","5674169E-6072-4665-94CC-0C6F08E7ED99","en","US","iOS 26.4.2","2026-05-08 00:47:13","","","","","1.1.0","6.6.1","{""_q_adjust_adid"":""32fd5b29b10cadecc4d8eb0ed1c07ca9"",""_q_fb_anon_id"":""XZBB51D890-FB14-4215-B12C-8A981F4A492E"",""_q_firebase_instance_id"":""47CE277355C5492989B988883E1E54EB""}","2026-05-11 00:48:39"
"2026-05-11 02:05:43","300003110482192","2026-05-11 02:05:43","Trial Converted","iOS SmartClean AI Storage","iOS","6759697123","com.phonecleaner.smartclean.storageclean.app.weekly.trial","21951690","USD","9.99","6.99","9.99","6.99","","QON_77b664594dcf4130ac4f0f744f3f56bf","","iPhone 8 Plus","41984403-3FF8-4336-978A-D6086FF96F78","en","US","iOS 16.7.12","2026-05-08 02:04:02","","","","","1.1.0","6.6.1","{""_q_adjust_adid"":""9e1105f75624c2084155f38d2a037d7c"",""_q_fb_anon_id"":""XZBCFBDE35-C1BC-4E63-8926-DF720E0052ED"",""_q_firebase_instance_id"":""34C20D8900F8488486647F668C9A769B""}","2026-05-11 02:06:25"
"2026-05-11 02:16:54","250002818165968","2026-05-11 02:16:54","Trial Started","iOS SmartClean AI Storage","iOS","6759697123","com.phonecleaner.smartclean.storageclean.app.weekly.trial","21951690","USD","0","0","0","0","","QON_06cc96775a0d4a669015c3c715829eb8","","iPhone15,4","87FF3C11-8883-4530-8F76-AE36971BB512","en","US","iOS 18.6.2","2026-05-11 02:16:05","","","","","1.1.0","6.6.1","{""_q_adjust_adid"":""08f843476342a21d04c197c27752659c"",""_q_firebase_instance_id"":""52583586F5EA428DAF87BAEB1B88A168""}","2026-05-11 02:16:59"
"2026-05-11 02:17:23","280003176855373","2026-05-11 02:17:23","Trial Converted","iOS SmartClean AI Storage","iOS","6759697123","com.phonecleaner.smartclean.storageclean.app.weekly.trial","21951690","USD","9.99","6.99","9.99","6.99","","QON_28d7974acbfa4de49ae430aee4edde91","","iPhone14,7","FAB83EC5-E04F-4C18-9616-B0AB37FCF0A4","en","US","iOS 26.4.2","2026-05-08 01:58:26","","","","","1.1.0","6.6.1","{""_q_adjust_adid"":""b2313e012e9526863b29db5b53f4dacc"",""_q_fb_anon_id"":""XZD01E846B-6E19-4628-86DD-4B1B1840318F"",""_q_firebase_instance_id"":""247757897F3B42ADB80C256B3BC79ADC""}","2026-05-11 02:18:10"
"2026-05-11 02:31:46","420003113217076","2026-05-11 02:31:46","Subscription Renewed","iOS SmartClean AI Storage","iOS","6759697123","com.phonecleaner.smartclean.storageclean.app.weekly.trial","21951690","USD","9.99","6.99","9.99","6.99","","QON_e368cc67e76443bfa034f5fa053171bf","","iPad Air 2","2DCD5406-31F7-421D-BCA8-D10CDD0CB2CF","en","US","iOS 15.8.7","2026-04-10 02:25:44","","","","","1.0.8","6.6.1","{""_q_fb_anon_id"":""XZ2ED93829-222D-4CE3-B704-3F44EA97EF11"",""_q_firebase_instance_id"":""7BCCFFD89E644F5691E72F3F9415EDC9""}","2026-05-11 02:32:29"
"2026-05-11 04:03:32","120003725561553","2026-05-11 04:03:32","Trial Started","iOS SmartClean AI Storage","iOS","6759697123","com.phonecleaner.smartclean.storageclean.app.weekly.trial","21951690","USD","0","0","0","0","","QON_1761b68016ef41cba6fc09b91577ec8c","","iPhone17,3","FDB011C5-E7CC-48F4-AD3C-E406D30D842B","en","US","iOS 26.3.1","2026-05-11 04:02:43","","","","","1.1.0","6.6.1","{""_q_adjust_adid"":""bdae0e92a39b19215616856cd1cf97bd"",""_q_fb_anon_id"":""XZ2310F8CF-5A96-4F82-A36A-413DABFF3CCC"",""_q_firebase_instance_id"":""1142A4822D404DC48CE2196B2F976696""}","2026-05-11 04:03:37"
"2026-05-11 09:28:57","700002580557210","2026-05-11 09:28:57","Subscription Renewed","iOS SmartClean AI Storage","iOS","6759697123","com.phonecleaner.smartclean.storageclean.app.weekly.trial","21951690","USD","9.99","6.99","9.99","6.99","","QON_abba90eb3426408bad6beabf972ffc89","","iPhone17,5","4E56E319-D84A-4819-AF20-F07224568B9F","en","US","iOS 26.3.1","2026-04-03 09:27:25","","","","","1.0.7","6.6.1","{""_q_adjust_adid"":""63292746b4ed5b32920bdc969a04111e"",""_q_fb_anon_id"":""XZ2EB8F8C0-BAB2-4F3B-8B2C-0ABF2C7F8435"",""_q_firebase_instance_id"":""79C760F663324204A79204AA9072867E""}","2026-05-11 04:04:44"
"2026-05-11 04:05:45","260002971740790","2026-05-11 04:05:45","Trial Started","iOS SmartClean AI Storage","iOS","6759697123","com.phonecleaner.smartclean.storageclean.app.weekly.trial","21951690","USD","0","0","0","0","","QON_1c719834d417483588301c49d6360fcb","","iPhone17,1","5BBE1908-DAE7-40FC-B88F-5A4713A8EE97","en","US","iOS 26.4.2","2026-05-11 04:03:55","","","","","1.1.0","6.6.1","{""_q_adjust_adid"":""841088cf7f6cbe8e4dd92b13e99bbd09"",""_q_fb_anon_id"":""XZ00171BA2-3892-4A96-9766-D86B7B03E6C7"",""_q_firebase_instance_id"":""18DA8736A7F849A19ADBA8C16FD90B58""}","2026-05-11 04:05:50"
"2026-05-11 03:35:25","20002304244184","2026-05-11 03:35:25","Trial Converted","iOS SmartClean AI Storage","iOS","6759697123","com.phonecleaner.smartclean.storageclean.app.weekly.trial","21951690","GBP","9.99","6.99","13.58","9.5","","QON_884772a662b34772ab6b5e5cf456fc10","","iPhone15,2","ECEEFCF7-340C-4389-8029-E62887CA706A","en","GB","iOS 26.4.1","2026-04-25 14:10:47","","","","","1.0.9","6.6.1","{""_q_adjust_adid"":""b1f1ae7bf662538dae0357694770251e"",""_q_fb_anon_id"":""XZ4B37A132-AC4B-432E-8161-014318DE2759"",""_q_firebase_instance_id"":""2E28FE1732714B0C88555F6B2B0E647E""}","2026-05-11 04:21:37"
"2026-05-11 04:35:36","230003400946957","2026-05-11 04:35:36","Trial Started","iOS SmartClean AI Storage","iOS","6759697123","com.phonecleaner.smartclean.storageclean.app.weekly.trial","21951690","USD","0","0","0","0","","QON_5137d044b775408b9d3d11767223bf6c","","iPhone 12 Pro Max","B64A5E7E-8D66-4A1B-B616-2FDE304E3CD2","en","US","iOS 26.4.2","2026-05-11 04:34:55","","","","","1.1.0","6.6.1","{""_q_adjust_adid"":""7425315d9d5445fa32a0b79a8701a1e5"",""_q_fb_anon_id"":""XZ2C852BCF-BD6D-44C0-9F33-50F47E578864"",""_q_firebase_instance_id"":""30DAE312161D4E539FD5ECAC64A4766B""}","2026-05-11 04:35:43"
"2026-05-11 04:48:58","260002971797008","2026-05-11 04:48:58","Trial Started","iOS SmartClean AI Storage","iOS","6759697123","com.phonecleaner.smartclean.storageclean.app.weekly.trial","21951690","USD","0","0","0","0","","QON_71c2890548fb4120a4656ca421f897a7","","iPhone17,3","A97DDFD6-7A82-4DFB-8275-AE125CB4A230","en","US","iOS 26.4.2","2026-05-11 04:48:09","","","","","1.1.0","6.6.1","{""_q_adjust_adid"":""71a929d91ba95452c206772a3c440f57"",""_q_fb_anon_id"":""XZC612F006-3363-4E7F-88CF-A2E696FB15CD"",""_q_firebase_instance_id"":""432C47F466C14D84838C2D13AE86F4CF""}","2026-05-11 04:49:04"
"2026-05-11 09:07:34","730002495362956","2026-05-11 09:07:34","Subscription Renewed","iOS SmartClean AI Storage","iOS","6759697123","com.phonecleaner.smartclean.storageclean.app.weekly.trial","21951690","GBP","9.99","6.99","13.58","9.5","","QON_98998486cdd74ea8b53dc20d49c090b4","","iPhone14,7","AFAFBD34-A051-4F79-AAA0-8C21AA7E0BCE","en","GB","iOS 18.6.2","2026-04-15 16:30:20","","","","","1.0.8","6.6.1","{""_q_adjust_adid"":""73985d653b4a1cd02f5acd95196f6c7a"",""_q_fb_anon_id"":""XZ8FB36215-173A-4FC8-B90C-8A1FF8CA1346"",""_q_firebase_instance_id"":""9ADBE64A32EF4984A273ED8B119FDCD5""}","2026-05-11 04:49:17"
"2026-05-11 04:51:46","450002933418311","2026-05-11 04:51:46","Trial Started","iOS SmartClean AI Storage","iOS","6759697123","com.phonecleaner.smartclean.storageclean.app.weekly.trial","21951690","GBP","0","0","0","0","","QON_e9821caeb05d4414833ae3a7797e4190","","iPhone14,6","1398A35E-CCF3-4B01-923F-3D81CA64C740","en","GB","iOS 26.4.2","2026-05-11 04:50:24","","","","","1.1.0","6.6.1","{""_q_adjust_adid"":""e1b98a3e68c1b1f98dadf77f1d8a7527"",""_q_fb_anon_id"":""XZ14F644C1-736D-42FC-BE00-01536C2ADAE8"",""_q_firebase_instance_id"":""E06F487DD2224DCFBD975B9A3791CACA""}","2026-05-11 04:51:55"
"2026-05-11 04:53:37","470003225866401","2026-05-11 04:53:37","Trial Started","iOS SmartClean AI Storage","iOS","6759697123","com.phonecleaner.smartclean.storageclean.app.weekly.trial","21951690","AUD","0","0","0","0","","QON_444c423902dd4d229cddcd16d91670c3","","iPhone17,4","0B8A974E-33FE-4E00-B3E5-56E94310C0DD","en","AU","iOS 26.3.1","2026-05-11 04:52:22","","","","","1.1.0","6.6.1","{""_q_adjust_adid"":""18fb9ce28d7474add8f7fa534dfe67be"",""_q_fb_anon_id"":""XZ2A358315-115B-410D-9489-CB399E915DEF"",""_q_firebase_instance_id"":""975188DCC621425C965457B9F3401308""}","2026-05-11 04:53:45"
"2026-05-11 05:37:52","410003206008783","2026-05-11 05:37:52","Trial Started","iOS SmartClean AI Storage","iOS","6759697123","com.phonecleaner.smartclean.storageclean.app.weekly.trial","21951690","USD","0","0","0","0","","QON_a0b12a2a8ff2423d8c1bcca75e91431c","","iPhone16,1","E2595CD4-A4AD-4730-9362-9BEE3B854036","en","US","iOS 26.4.2","2026-05-11 04:54:53","","","","","1.1.0","6.6.1","{""_q_adjust_adid"":""86d1a0ca050f60f0a9c9bb9b36d530e0"",""_q_fb_anon_id"":""XZ36BA9129-C921-4290-8D37-63F4085BDE11"",""_q_firebase_instance_id"":""E105035182B343DC957511FCE4F94514""}","2026-05-11 05:37:57"
"2026-05-11 06:25:57","220003321914847","2026-05-11 06:25:57","Trial Converted","iOS SmartClean AI Storage","iOS","6759697123","com.phonecleaner.smartclean.storageclean.app.weekly.trial","21951690","GBP","9.99","6.99","13.58","9.5","","QON_0406a5601c5843eeb52ee50386f67eec","","iPhone15,2","F910264B-D471-449C-9B74-E74E25FA024F","en","GB","iOS 26.3","2026-05-08 06:24:57","","","","","1.1.0","6.6.1","{""_q_adjust_adid"":""5055e5ca0d0de2e1a7717ebd38d47406"",""_q_fb_anon_id"":""XZ27D18670-B3C1-4A4B-9BA4-420EF8F11B49"",""_q_firebase_instance_id"":""6B054007DB7244C5A7E52F7DFA4B0E9B""}","2026-05-11 06:27:03"
"2026-05-11 06:28:53","60003142772624","2026-05-11 06:28:53","Trial Started","iOS SmartClean AI Storage","iOS","6759697123","com.phonecleaner.smartclean.storageclean.app.weekly.trial","21951690","GBP","0","0","0","0","","QON_2951efbf4a08475795727c1760c9e250","","iPad12,1","CFF8C128-0160-470D-BA16-CB212E1BBA5B","en","GB","iOS 26.4.2","2026-05-08 07:39:26","","","","","1.1.0","6.6.1","{""_q_adjust_adid"":""8b0f0a16b3fb97c32fc9908a8580c2fb"",""_q_fb_anon_id"":""XZ8F7DF922-335C-4FD1-9806-4981B4885F63"",""_q_firebase_instance_id"":""459AD129C9CD4B618760CD19CF12594D""}","2026-05-11 06:29:03"
"2026-05-11 10:17:52","280003177433972","2026-05-11 10:17:52","Subscription Renewed","iOS SmartClean AI Storage","iOS","6759697123","com.phonecleaner.smartclean.storageclean.app.weekly.trial","21951690","RON","49.99","34.99","11.26","7.88","","QON_7f80664e4fcc4987a24462360e32cde2","","iPhone14,7","8B0C8385-15F7-4891-A642-9EA2409BA88A","en","RO","iOS 17.7","2026-04-23 11:42:26","","","","","1.0.9","6.6.1","{""_q_adjust_adid"":""f374b7d0358d51013f4fb971e71b4a81"",""_q_fb_anon_id"":""XZ45098589-9EBB-4F4E-B32F-B0C5CA599B46"",""_q_firebase_instance_id"":""6EA235BED57A4D7990682F5DD4B1D455""}","2026-05-11 06:41:25"
"2026-05-11 07:02:36","370002710332240","2026-05-11 07:02:36","Trial Started","iOS SmartClean AI Storage","iOS","6759697123","com.phonecleaner.smartclean.storageclean.app.weekly.trial","21951690","GBP","0","0","0","0","","QON_95e19a04ab1d4ab083076a5f1c576783","","iPad12,2","CE87CBD2-E29D-4FF2-80DA-CE72C18D9D15","en","GB","iOS 26.4.2","2026-05-11 07:00:50","","","","","1.1.0","6.6.1","{""_q_adjust_adid"":""9c912aa3f1ee890f5440a9008b58c6bd"",""_q_fb_anon_id"":""XZBBEF0D66-CF1F-495C-98DE-84F255AA2AB4"",""_q_firebase_instance_id"":""35764B4223654835978ED5AD448E7569""}","2026-05-11 07:02:44"
"2026-05-11 07:05:24","340002644995863","2026-05-11 07:05:24","Trial Started","iOS SmartClean AI Storage","iOS","6759697123","com.phonecleaner.smartclean.storageclean.app.weekly.trial","21951690","GBP","0","0","0","0","","QON_9f64a7e5539c4993a7c65d78e3717887","","iPhone XR","A15D20EE-3A15-41C4-BEA6-CCE6092CCA3B","en","GB","iOS 18.7.6","2026-05-11 06:38:04","","","","","1.1.0","6.6.1","{""_q_adjust_adid"":""799306806808bc54622f8408a8272a16"",""_q_fb_anon_id"":""XZA211A8E5-103A-47EE-95C8-2E0D099F6BD9"",""_q_firebase_instance_id"":""97B1D17F2B934C7FA2ADEA0CA2665D5D""}","2026-05-11 07:05:30"
"2026-05-11 07:43:38","440003095919992","2026-05-11 07:43:38","Trial Started","iOS SmartClean AI Storage","iOS","6759697123","com.phonecleaner.smartclean.storageclean.app.weekly.trial","21951690","GBP","0","0","0","0","","QON_d27acf888be345028d8a77d1b6e8af18","","iPad14,10","039C3499-07AC-463C-B919-BCF28FF62FB0","en","GB","iOS 26.4.2","2026-05-11 07:42:21","","","","","1.1.0","6.6.1","{""_q_adjust_adid"":""6fda648df93dd04ff3fd02d5896320fa"",""_q_fb_anon_id"":""XZ1C0A2500-4451-4422-8E13-C414FC94EFBE"",""_q_firebase_instance_id"":""43756D2FF26F447E84798E5C2FDFBF2A""}","2026-05-11 07:43:47"
"2026-05-11 07:48:55","280003177857357","2026-05-11 07:48:55","Trial Started","iOS SmartClean AI Storage","iOS","6759697123","com.phonecleaner.smartclean.storageclean.app.weekly.trial","21951690","USD","0","0","0","0","","QON_963ade2b38ee4dd59360945af757ff8d","","iPhone14,7","2B296F46-5E90-4CAA-84D5-E0EEC3BC1A4B","en","US","iOS 26.4.2","2026-05-11 07:12:08","","","","","1.1.0","6.6.1","{""_q_fb_anon_id"":""XZ95917099-F76A-43C4-9019-0E37FE921969"",""_q_firebase_instance_id"":""BC793BA22F7B487A8172DF66EBC80D03""}","2026-05-11 07:49:01"
"2026-05-11 15:38:15","360003097590533","2026-05-11 15:38:15","Subscription Renewed","iOS SmartClean AI Storage","iOS","6759697123","com.phonecleaner.smartclean.storageclean.app.weekly.trial","21951690","USD","9.99","6.99","9.99","6.99","","QON_0077210e87bc485faa950e4dfecd00aa","","iPhone 12 Pro Max","B1886B14-15A6-4FAE-82E5-AB58EEC07394","en","US","iOS 26.3.1","2026-04-24 15:36:39","","","","","1.0.9","6.6.1","{""_q_adjust_adid"":""21abcd2319f36c089d0abe3110cf2223"",""_q_fb_anon_id"":""XZ6F5D70D5-49D9-4536-9EBE-A4542CB89355"",""_q_firebase_instance_id"":""7FE184DED727424B9A21DE17A002E6D2""}","2026-05-11 08:21:19"
"2026-05-11 12:12:04","310002924919010","2026-05-11 12:12:04","Trial Converted","iOS SmartClean AI Storage","iOS","6759697123","com.phonecleaner.smartclean.storageclean.app.weekly.trial","21951690","EUR","9.99","6.99","11.76","8.23","","QON_b9079a58ac3e4c6a8c0ac1883adafd6a","","iPhone15,5","BE3FB1A5-5BFE-4793-B45E-B6D51E38482F","es","ES","iOS 26.3.1","2026-05-08 12:08:04","","","","","1.1.0","6.6.1","{""_q_adjust_adid"":""2b8ce9e31f8dcb296c2cbeebc8485ce0"",""_q_firebase_instance_id"":""88B63972631B41B3B9D94ECE38222CC5""}","2026-05-11 08:23:26"
"2026-05-11 12:12:46","310002924919010","2026-05-11 12:12:04","Subscription Canceled","iOS SmartClean AI Storage","iOS","6759697123","com.phonecleaner.smartclean.storageclean.app.weekly.trial","21951690","EUR","9.99","6.99","11.76","8.23","","QON_b9079a58ac3e4c6a8c0ac1883adafd6a","","iPhone15,5","BE3FB1A5-5BFE-4793-B45E-B6D51E38482F","es","ES","iOS 26.3.1","2026-05-08 12:08:04","","","","","1.1.0","6.6.1","{""_q_adjust_adid"":""2b8ce9e31f8dcb296c2cbeebc8485ce0"",""_q_firebase_instance_id"":""88B63972631B41B3B9D94ECE38222CC5""}","2026-05-11 12:12:46"
"2026-05-11 14:16:57","170003584333134","2026-05-11 14:16:57","Subscription Renewed","iOS SmartClean AI Storage","iOS","6759697123","com.phonecleaner.smartclean.storageclean.app.weekly.trial","21951690","AUD","14.99","10.49","10.85","7.59","","QON_8583848d594447fc897b69ad31231a96","","iPhone 11 Pro Max","F36E97DA-BD27-42CE-9140-75EF61F3BB90","en","AU","iOS 26.3.1","2026-04-24 12:53:12","","","","","1.0.9","6.6.1","{""_q_adjust_adid"":""fa46a78542fe1a6c7b699ed079f58d59"",""_q_firebase_instance_id"":""B26E13837A21493AA7D0702559E03914""}","2026-05-11 08:26:09"
"2026-05-11 08:35:52","370002710435180","2026-05-11 08:35:52","Trial Started","iOS SmartClean AI Storage","iOS","6759697123","com.phonecleaner.smartclean.storageclean.app.weekly.trial","21951690","GBP","0","0","0","0","","QON_eb45b8bec34748db940f08f356bc1c06","","iPhone SE 2","562E932E-CF1B-4D31-8C07-7EB1334A7C8A","en","GB","iOS 26.4.2","2026-05-11 08:34:18","","","","","1.1.0","6.6.1","{""_q_adjust_adid"":""7ac96c2075988f1a0944e48b1b479808"",""_q_firebase_instance_id"":""ECEA861CF6984E5697B4C6009D8986CB""}","2026-05-11 08:36:00"
"2026-05-11 08:49:56","700002581021715","2026-05-11 08:49:56","Trial Started","iOS SmartClean AI Storage","iOS","6759697123","com.phonecleaner.smartclean.storageclean.app.weekly.trial","21951690","GBP","0","0","0","0","","QON_838acb9fb31642e89d901696117cdaf0","","iPhone14,6","E8E50435-C6CD-41CE-8C75-D18838F97165","en","GB","iOS 26.3.1","2026-05-11 08:49:15","","","","","1.1.0","6.6.1","{""_q_adjust_adid"":""ecce6494c78f9e39890fc43c4c2cbabf"",""_q_firebase_instance_id"":""D60F6D74C4784B5999B60641155E8652""}","2026-05-11 08:50:03"
"2026-05-11 09:00:15","570002575160653","2026-05-11 09:00:15","Trial Started","iOS SmartClean AI Storage","iOS","6759697123","com.phonecleaner.smartclean.storageclean.app.weekly.trial","21951690","RON","0","0","0","0","","QON_c166402e230f4b6986482005b8c02710","","iPhone14,7","B776DA47-1A6A-4136-B1DD-DA5176239270","en","RO","iOS 26.0","2026-05-11 08:58:30","","","","","1.1.0","6.6.1","{""_q_adjust_adid"":""5843b174620462a335ad724f282a7372"",""_q_firebase_instance_id"":""A581D5C331C446A38FD68949BE347FE6""}","2026-05-11 09:00:20"
"2026-05-11 09:20:54","720002527697579","2026-05-11 09:20:54","Trial Started","iOS SmartClean AI Storage","iOS","6759697123","com.phonecleaner.smartclean.storageclean.app.weekly.trial","21951690","USD","0","0","0","0","","QON_120ad05740e043af8a96a470c1270d1f","","iPhone15,4","972294BA-CC5A-4E1E-8C4A-82C821871DB5","en","US","iOS 26.4.2","2026-05-09 04:05:30","","","","","1.1.0","6.6.1","{""_q_adjust_adid"":""fbe2d4f3a8298d35a23c63a384fb2348"",""_q_firebase_instance_id"":""656E5F39A6224F2A9F9C7C460D7BE29C""}","2026-05-11 09:21:08"
"2026-05-11 11:18:30","230003401504662","2026-05-11 11:18:30","Trial Started","iOS SmartClean AI Storage","iOS","6759697123","com.phonecleaner.smartclean.storageclean.app.weekly.trial","21951690","AUD","0","0","0","0","","QON_08c2650723b34d80b2b99da9cc108ac1","","iPhone17,3","5A64212A-2D74-418A-8A5F-8E7C402CD962","en","AU","iOS 26.4.2","2026-05-11 11:17:23","","","","","1.1.0","6.6.1","{""_q_adjust_adid"":""4697c8ee1caa13f03d84c42c4e190c72"",""_q_fb_anon_id"":""XZ8A0A68CB-8E64-4EF0-80D9-F71124AE8144"",""_q_firebase_instance_id"":""DBCE49B2E1AC404AAD24D5E67A510B4F""}","2026-05-11 11:18:36"
"2026-05-11 18:15:31","170003584666965","2026-05-11 18:15:31","Subscription Renewed","iOS SmartClean AI Storage","iOS","6759697123","com.phonecleaner.smartclean.storageclean.app.weekly.trial","21951690","GBP","9.99","6.99","13.58","9.5","","QON_779f7633b5884de38a6a0ad7176e1973","","iPhone14,5","B49C9F20-DA52-4B00-88C5-199983E0ADA5","en","GB","iOS 26.4.2","2026-05-01 18:14:43","","","","","1.0.9","6.6.1","{""_q_adjust_adid"":""09a3401a8a51c44229e24577a25dc767"",""_q_firebase_instance_id"":""720FC42461CC4AFAA74DDB14EA83FB00""}","2026-05-11 12:01:46"
"2026-05-11 12:02:18","200003354380384","2026-05-11 12:02:18","Trial Started","iOS SmartClean AI Storage","iOS","6759697123","com.phonecleaner.smartclean.storageclean.app.weekly.trial","21951690","USD","0","0","0","0","","QON_a38fb717f88a406ca4b33c59ac9f347e","","iPhone 11","319CEE1F-D9AD-4FA7-A0B6-FCBCA2A155AE","en","US","iOS 18.6.2","2026-05-11 12:01:36","","","","","1.1.0","6.6.1","{""_q_adjust_adid"":""cb22fd7ba545a3e6d3c553df2f54eba9"",""_q_fb_anon_id"":""XZA46FA57D-D72B-4D25-A5DD-E104F7C3D52E"",""_q_firebase_instance_id"":""BF071FB5BDC2427DAC48E88AAA9017AA""}","2026-05-11 12:02:33"
"2026-05-11 12:09:27","280003177573642","2026-05-11 12:09:27","Trial Converted","iOS SmartClean AI Storage","iOS","6759697123","com.phonecleaner.smartclean.storageclean.app.weekly.trial","21951690","GBP","9.99","6.99","13.58","9.5","","QON_6750f5cfc67a4528bfa70396507f29ab","","iPhone14,5","5C0DB3FA-F168-4EC2-BD66-337C1F8978E2","en","GB","iOS 26.3.1","2026-05-08 12:08:20","","","","","1.1.0","6.6.1","{""_q_adjust_adid"":""1d9a28326ad2886a1f13f901cfa5d94d"",""_q_firebase_instance_id"":""B92D2C5073114B00BC2B21DEEDA471EB""}","2026-05-11 12:10:10"
"2026-05-11 12:11:39","20002304597113","2026-05-11 12:11:39","Trial Started","iOS SmartClean AI Storage","iOS","6759697123","com.phonecleaner.smartclean.storageclean.app.weekly.trial","21951690","GBP","0","0","0","0","","QON_ab794cf81a6340f0bf8801fc8d057d89","","iPhone15,5","66F99BA4-B341-45F5-BD07-29EE68110D13","en","GB","iOS 26.4.2","2026-05-11 12:09:17","","","","","1.1.0","6.6.1","{""_q_adjust_adid"":""47d8f53d9d973ae527681a8f1afb21f1"",""_q_fb_anon_id"":""XZ53B09064-8C59-43B2-BCC9-0E55762709AD"",""_q_firebase_instance_id"":""05906AE4EF414265823CD7A486187C32""}","2026-05-11 12:11:45"
"2026-05-11 17:37:20","430003036854558","2026-05-11 17:37:20","Subscription Renewed","iOS SmartClean AI Storage","iOS","6759697123","com.phonecleaner.smartclean.storageclean.app.weekly.trial","21951690","USD","9.99","6.99","9.99","6.99","","QON_9f124200ee1948609dd001f608280f5b","","iPhone14,5","CEC57395-CFB2-4B3F-8A74-D1AAF9D06A88","en","US","iOS 26.3.1","2026-04-24 17:35:53","","","","","1.0.9","6.6.1","{""_q_adjust_adid"":""24664f5949a32bb4369517d35faa7da8"",""_q_fb_anon_id"":""XZ95580333-140A-4FF1-AE5B-42995D3870B7"",""_q_firebase_instance_id"":""9B668A8EF6FE410B973BFD7E8B5C6130""}","2026-05-11 12:12:42"
"2026-05-11 13:19:54","730002496131629","2026-05-11 13:19:54","Trial Started","iOS SmartClean AI Storage","iOS","6759697123","com.phonecleaner.smartclean.storageclean.app.weekly.trial","21951690","EUR","0","0","0","0","","QON_d049f112314b43f39c3cc4638b76894e","","iPhone15,4","A0F13DFE-5446-4BBB-8EE9-39619D4AE2F8","en","SI","iOS 26.3.1","2026-05-11 13:14:44","","","","","1.1.0","6.6.1","{""_q_adjust_adid"":""a8caee2ded0f9e7d6c402d1bbf12691d"",""_q_fb_anon_id"":""XZBE072D37-55A5-4EE6-AF23-9F7C3BC83587"",""_q_firebase_instance_id"":""EB512C0ABA7D43F79B51B4C933CF8F0A""}","2026-05-11 13:20:09"
"2026-05-11 13:26:58","70003513536790","2026-05-11 13:26:58","Trial Started","iOS SmartClean AI Storage","iOS","6759697123","com.phonecleaner.smartclean.storageclean.app.weekly.trial","21951690","USD","0","0","0","0","","QON_1d1d69eb75cd4a758cc13f5a8b71aef2","","iPhone14,5","01268653-2E90-413A-B63B-34AAAA8502F9","en","US","iOS 26.3.1","2026-05-11 13:25:42","","","","","1.1.0","6.6.1","{""_q_adjust_adid"":""ff45c465704f246f4fa8f28067ea1cb9"",""_q_fb_anon_id"":""XZ8F229069-4F8A-4D8D-A023-50865A22DDA2"",""_q_firebase_instance_id"":""E7BC4DC71888490C9BDC76E4582A8F80""}","2026-05-11 13:27:04"
"2026-05-11 13:27:09","530002881802358","2026-05-11 13:27:09","Trial Started","iOS SmartClean AI Storage","iOS","6759697123","com.phonecleaner.smartclean.storageclean.app.weekly.trial","21951690","EUR","0","0","0","0","","QON_f979653cb8a549a0b3c15b5c67c80931","","iPhone17,4","54ADE986-A62F-472F-8CBB-2DCAD18228C6","en","GR","iOS 26.3.1","2026-05-11 13:26:12","","","","","1.1.0","6.6.1","{""_q_adjust_adid"":""5f8f569cc6824261778c621b2fae2044"",""_q_fb_anon_id"":""XZFE1D2D4E-06A9-4279-9938-8BC0B70E396B"",""_q_firebase_instance_id"":""48F67CF993124ECDB757CE8E2D353A11""}","2026-05-11 13:27:15"
"2026-05-11 13:40:23","60003143315482","2026-05-11 13:40:23","Trial Started","iOS SmartClean AI Storage","iOS","6759697123","com.phonecleaner.smartclean.storageclean.app.weekly.trial","21951690","EUR","0","0","0","0","","QON_3ba1ed428de44e8cb2906c5fc5a4fb1a","","iPhone17,2","A245DF18-40EB-4BD1-8307-2BB9C1573003","it","IT","iOS 26.4.2","2026-05-11 13:39:44","","","","","1.1.0","6.6.1","{""_q_adjust_adid"":""17b6fbb3580a7a0dafa4c5c468cd5a7b"",""_q_fb_anon_id"":""XZ843BA9DA-7F51-4B3E-AD67-ABAAEFCBD720"",""_q_firebase_instance_id"":""4D6FE8FD664D4BA899FD917578AB29E7""}","2026-05-11 13:40:29"
"2026-05-11 14:10:44","350003301579709","2026-05-11 14:10:44","Trial Started","iOS SmartClean AI Storage","iOS","6759697123","com.phonecleaner.smartclean.storageclean.app.weekly.trial","21951690","USD","0","0","0","0","","QON_d0b990d0da7b4263a25402f05190f62b","","iPhone15,3","2A3DBDAB-C30D-4F3F-B00D-D0C97F6E2B97","en","US","iOS 26.4.2","2026-05-11 14:09:51","","","","","1.1.0","6.6.1","{""_q_adjust_adid"":""79255432f5bfa556634b0a51bff859cd"",""_q_fb_anon_id"":""XZCED22928-BBBB-4562-8AA3-C6A38AEE98B7"",""_q_firebase_instance_id"":""2BA6D2FAA175492F9E40EF82DC9C5D17""}","2026-05-11 14:10:58"
"2026-05-11 14:11:11","480003218079297","2026-05-11 14:11:11","Trial Converted","iOS SmartClean AI Storage","iOS","6759697123","com.phonecleaner.smartclean.storageclean.app.weekly.trial","21951690","USD","9.99","6.99","9.99","6.99","","QON_9f5a2df80b094211a3b6b6c1341b1990","","iPhone 12","95AA1EEF-FAC5-46D1-B4E5-B0505965B32D","en","US","iOS 26.3.1","2026-04-14 15:36:10","","","","","1.0.8","6.6.1","{""_q_adjust_adid"":""53720dec8de9472cfd940defa2113b08"",""_q_firebase_instance_id"":""42A8B7E3C0B44B5A958046CF0F743582""}","2026-05-11 14:11:17"
"2026-05-11 18:32:26","320003009720078","2026-05-11 18:32:26","Subscription Renewed","iOS SmartClean AI Storage","iOS","6759697123","com.phonecleaner.smartclean.storageclean.app.weekly.trial","21951690","USD","9.99","6.99","9.99","6.99","","QON_802979911f4e4544a260e91ebb9e1e8f","","iPhone17,5","E983A563-D728-4D32-A388-09ABDA819C6D","en","US","iOS 26.4.1","2026-04-20 00:18:12","","","","","1.0.8","6.6.1","{""_q_adjust_adid"":""b3b6b5f17d886a3e63fef0c3d697dd5c"",""_q_fb_anon_id"":""XZE1D855FC-18DD-4B82-ADD6-7C349FD3A4E0"",""_q_firebase_instance_id"":""BE98F186E8DF491EBA46939D6AE79C99""}","2026-05-11 14:15:11"
"2026-05-11 14:50:05","570002575541904","2026-05-11 14:50:05","Trial Started","iOS SmartClean AI Storage","iOS","6759697123","com.phonecleaner.smartclean.storageclean.app.weekly.trial","21951690","USD","0","0","0","0","","QON_c0d16b8226344cb19df87d1d40644cd2","","iPhone14,3","9DDED929-8362-4A6B-B86B-12E844A33828","en","US","iOS 26.4.2","2026-05-11 14:48:56","","","","","1.1.0","6.6.1","{""_q_adjust_adid"":""7fc73a0f8ee48334f9da0dfdf43bf830"",""_q_fb_anon_id"":""XZ756097C1-B447-48D9-98C8-71311AD89CF6"",""_q_firebase_instance_id"":""4C5C5C52FE484769849A3E025981F48C""}","2026-05-11 14:50:11"
"2026-05-11 22:35:40","230003401804695","2026-05-11 22:35:40","Trial Converted","iOS SmartClean AI Storage","iOS","6759697123","com.phonecleaner.smartclean.storageclean.app.weekly.trial","21951690","USD","9.99","6.99","9.99","6.99","","QON_d81ffffa985e4de2ae1722b93fb7c22c","","iPhone 12","4B6A3293-EF21-42D7-8667-4027A71A142E","en","US","iOS 26.2","2026-05-08 22:34:10","","","","","1.1.0","6.6.1","{""_q_adjust_adid"":""8d2eeb19fb0757a2a60579f0d0748e7d"",""_q_fb_anon_id"":""XZ9FF99450-682C-4F9A-84C9-E301145D2BF5"",""_q_firebase_instance_id"":""1EBE78BE7A83422D80F2173E6AF5A240""}","2026-05-11 15:24:52"
"2026-05-11 21:30:29","190003389262497","2026-05-11 21:30:29","Subscription Renewed","iOS SmartClean AI Storage","iOS","6759697123","com.phonecleaner.smartclean.storageclean.app.weekly.trial","21951690","USD","9.99","6.99","9.99","6.99","","QON_e3175e232b29449ba625eab8f5aeb339","","iPad12,1","40C884BB-5229-4A98-BAF9-E10FA578B66F","en","US","iOS 26.3.1","2026-04-24 21:29:07","","","","","1.0.9","6.6.1","{""_q_adjust_adid"":""4f54337439dd85fdee1bcaa2a6e56041"",""_q_fb_anon_id"":""XZ12369B9E-E83D-4429-8C82-147E7335E413"",""_q_firebase_instance_id"":""D8E081AF02504043BF69259EE7AC5143""}","2026-05-11 15:52:33"
"2026-05-11 16:00:52","150003105426983","2026-05-11 16:00:52","Trial Started","iOS SmartClean AI Storage","iOS","6759697123","com.phonecleaner.smartclean.storageclean.app.weekly.trial","21951690","USD","0","0","0","0","","QON_3e064ea4bbaf436182f1ca3d474623a8","","iPhone15,5","7E7BFC32-7A33-49FB-929F-DAAE3392A8F6","en","US","iOS 26.4.1","2026-04-20 17:55:08","","","","","1.0.8","6.6.1","{""_q_adjust_adid"":""52ebe1721c57801399a2082cea3a1ce0"",""_q_fb_anon_id"":""XZ4A58F959-35B7-4E8A-AC4B-6814A3AA095A"",""_q_firebase_instance_id"":""C0F00DA86FF543739235A8A0747F16AB""}","2026-05-11 16:00:59"
"2026-05-11 16:10:41","140003624727129","2026-05-11 16:10:41","Trial Converted","iOS SmartClean AI Storage","iOS","6759697123","com.phonecleaner.smartclean.storageclean.app.weekly.trial","21951690","USD","9.99","6.99","9.99","6.99","","QON_d8e932dcba5d49e0a53779e240648adb","","iPhone14,5","4FAF13F4-4029-4278-8C62-3530F85B07E8","en","US","iOS 26.4.2","2026-05-08 16:09:39","","","","","1.1.0","6.6.1","{""_q_adjust_adid"":""d0776c1f3ed099d53543c9297d9f1e57"",""_q_fb_anon_id"":""XZ35A38448-5260-4BA0-B8BC-89CF486099DC"",""_q_firebase_instance_id"":""5AE94A88472D4B7F964066CF0773CA5A""}","2026-05-11 16:11:49"
"2026-05-11 16:14:26","100002687666977","2026-05-11 16:14:26","Trial Converted","iOS SmartClean AI Storage","iOS","6759697123","com.phonecleaner.smartclean.storageclean.app.weekly.trial","21951690","USD","9.99","6.99","9.99","6.99","","QON_e96cb1494542427f9826eb0b7e7a41c2","","iPad12,1","04678587-BB77-4D26-9FB9-D9C582CD81C7","en","US","iOS 26.3.1","2026-05-08 13:02:52","","","","","1.1.0","6.6.1","{""_q_adjust_adid"":""e146c71536ce9eaeca4d6e7b54b77f67"",""_q_firebase_instance_id"":""CD7204B3DE184707832594AAC61603A0""}","2026-05-11 16:14:33"
"2026-05-11 16:20:43","420003114186627","2026-05-11 16:20:43","Subscription Renewed","iOS SmartClean AI Storage","iOS","6759697123","com.phonecleaner.smartclean.storageclean.app.weekly.trial","21951690","CAD","12.99","9.09","9.49","6.64","","QON_d2bf387b63d34390900bc057a04a5218","","iPad12,1","FD589B50-91FB-4B8E-BD15-98A371D809AC","en","CA","iOS 26.3.1","2026-04-10 16:15:51","","","","","1.0.8","6.6.1","{""_q_adjust_adid"":""fef7d2866626d3386a0ec944e36393cc"",""_q_fb_anon_id"":""XZ1AE09C34-A929-4EE4-A7C1-FBED96BA5EA4"",""_q_firebase_instance_id"":""3F6C1CE8A0C1430498ECE4358677529E""}","2026-05-11 16:21:40"
"2026-05-11 16:22:35","90003235491760","2026-05-11 16:22:35","Subscription Renewed","iOS SmartClean AI Storage","iOS","6759697123","com.phonecleaner.smartclean.storageclean.app.weekly.trial","21951690","USD","9.99","6.99","9.99","6.99","","QON_e7e61d6902074422affb38f7e5f66687","","iPhone 12 Pro","7B7A0377-35F2-4326-B7F3-441AD104DAD5","en","US","iOS 26.3.1","2026-04-15 20:18:43","","","","","1.0.8","6.6.1","{""_q_adjust_adid"":""7919e93de09fd96df3c7581897fc43ac"",""_q_fb_anon_id"":""XZC95CD77E-E849-4099-98F5-F4D2B2BBD5FC"",""_q_firebase_instance_id"":""C9249E1F760D4108A6106DAE752971CA""}","2026-05-11 16:23:26"
"2026-05-11 22:55:44","120003726535921","2026-05-11 22:55:44","Subscription Renewed","iOS SmartClean AI Storage","iOS","6759697123","com.phonecleaner.smartclean.storageclean.app.weekly.trial","21951690","USD","9.99","6.99","9.99","6.99","","QON_c76b980e35de4b7fbab1305b1efc2aef","","iPad16,5","B89CD735-4DB6-4B2E-B737-63F88EDBA791","en","DE","iOS 26.3.1","2026-04-24 22:43:39","","","","","1.0.9","6.6.1","{""_q_adjust_adid"":""c9a07bdeb3aa95e064a7e01b66b065a7"",""_q_fb_anon_id"":""XZ5A7C6ACA-EF7A-4CD8-A6DA-8412EB836B98"",""_q_firebase_instance_id"":""6F9216FA00264AA4A522574B8BBD802D""}","2026-05-11 16:36:00"
"2026-05-11 22:52:53","540002559658702","2026-05-11 22:52:53","Subscription Renewed","iOS SmartClean AI Storage","iOS","6759697123","com.phonecleaner.smartclean.storageclean.app.weekly.trial","21951690","CAD","12.99","9.09","9.49","6.64","","QON_530954fc7a9f44a39995158f40aacb60","","iPhone 12","B709A2CB-205C-4CCD-BBB3-A35D7153975E","en","CA","iOS 26.3.1","2026-05-01 22:51:32","","","","","1.0.9","6.6.1","{""_q_adjust_adid"":""fdd5daf322edd0615bccf07375ecfa6a"",""_q_firebase_instance_id"":""652D92E1C9604506A6417CDDD298E7E1""}","2026-05-11 17:08:20"
"2026-05-11 17:46:20","190003389641386","2026-05-11 17:46:20","Trial Started","iOS SmartClean AI Storage","iOS","6759697123","com.phonecleaner.smartclean.storageclean.app.weekly.trial","21951690","GBP","0","0","0","0","","QON_1f940960467e469ea847429dd3c9b90f","","iPhone17,3","FB106979-077B-4B30-9EDD-19CED17BC168","en","CA","iOS 18.6","2026-05-11 17:45:23","","","","","1.1.0","6.6.1","{""_q_adjust_adid"":""8b4160aea789255559bd52839e131485"",""_q_firebase_instance_id"":""62CDD8C28995404788FCAB2192C7568C""}","2026-05-11 17:46:31"
"2026-05-11 17:55:24","360003098419530","2026-05-11 17:55:24","Trial Started","iOS SmartClean AI Storage","iOS","6759697123","com.phonecleaner.smartclean.storageclean.app.weekly.trial","21951690","EUR","0","0","0","0","","QON_b3ec6c1cacdd47ed8ab2bef4bd5554ff","","iPhone16,1","0C6E22B2-BC33-40B3-A9E7-9D5F3FF0DB35","pt","PT","iOS 26.3.1","2026-05-11 13:36:26","","","","","1.1.0","6.6.1","{""_q_adjust_adid"":""82c4916a9e2070fbf7421a74b6a7443b"",""_q_firebase_instance_id"":""C7EDEB124BF64DCD825DA2DDF166B666""}","2026-05-11 17:55:48"
"2026-05-11 23:09:01","560002567517110","2026-05-11 23:09:01","Subscription Renewed","iOS SmartClean AI Storage","iOS","6759697123","com.phonecleaner.smartclean.storageclean.app.weekly.trial","21951690","USD","9.99","6.99","9.99","6.99","","QON_fe351d11a6ed4d1889ff51b79086ad73","","iPhone17,3","CA50A7F7-9359-4387-ACCE-9E7AAC4D78E9","en","US","iOS 26.3.1","2026-04-24 23:07:59","","","","","1.0.9","6.6.1","{""_q_adjust_adid"":""c9d5695767e93dab8f430ef6cb7f7b0b"",""_q_fb_anon_id"":""XZ7E56E191-59FF-46AE-90FE-DC82545A4C30"",""_q_firebase_instance_id"":""8C4FB856D59447DB828047BADD99E1AE""}","2026-05-11 18:36:16"
"2026-05-11 20:19:57","470003227096113","2026-05-11 20:19:57","Subscription Started","iOS SmartClean AI Storage","iOS","6759697123","com.phonecleaner.smartclean.storageclean.app.yearly","21951690","USD","39.99","27.99","39.99","27.99","","QON_597e8c72c4bd48dca73faece826a9b5d","","iPhone 12 Pro Max","6291A629-7F0C-4B9C-A4A0-D6778412F75A","en","US","iOS 26.4.2","2026-05-03 20:59:51","","","","","1.0.9","6.6.1","{""_q_adjust_adid"":""f1c42beb32c1fee76002e238939848d7"",""_q_firebase_instance_id"":""352B334409664792BB18259725140E13""}","2026-05-11 20:20:05"
"2026-05-11 20:25:34","230003402299926","2026-05-11 20:25:34","Trial Started","iOS SmartClean AI Storage","iOS","6759697123","com.phonecleaner.smartclean.storageclean.app.weekly.trial","21951690","EUR","0","0","0","0","","QON_8ba0c2050af94f1da2ae56718637e062","","iPhone14,5","77FBA85A-8C67-4E98-8BB9-EC8ED5164628","fr","FR","iOS 18.6.2","2026-05-11 19:44:13","","","","","1.1.0","6.6.1","{""_q_adjust_adid"":""23684e15c3fbef356406e1ac57eb2e7e"",""_q_fb_anon_id"":""XZ9B093097-A4FD-4C3F-B6E6-328965F26AFA"",""_q_firebase_instance_id"":""30A517B8AA234C15BBF7E63424B45ECF""}","2026-05-11 20:25:39"
"2026-05-11 20:31:52","300003111867731","2026-05-11 20:31:52","Subscription Renewed","iOS SmartClean AI Storage","iOS","6759697123","com.phonecleaner.smartclean.storageclean.app.weekly.trial","21951690","DKK","89","62.3","14.02","9.81","","QON_e3562c766675403c86e7e1128cf4f041","","iPhone16,2","66E3676E-524D-4C40-BE1D-C137F40F275D","en","DK","iOS 26.3.1","2026-03-27 19:51:53","","","","","1.0.6","6.6.1","{""_q_adjust_adid"":""424be929561dbedf49bbaf3a1e1a848e"",""_q_firebase_instance_id"":""0B65EB20F9EF42F194A4995E332E5CCB""}","2026-05-11 20:32:35"
"2026-05-11 21:17:20","510002660545998","2026-05-11 21:17:20","Trial Started","iOS SmartClean AI Storage","iOS","6759697123","com.phonecleaner.smartclean.storageclean.app.weekly.trial","21951690","RON","0","0","0","0","","QON_e6bcfdbcbe0240689b0d9aaef1c3a14d","","iPhone 12","647BEB28-EB47-4675-9B0F-4CD3E456918B","en","RO","iOS 18.5","2026-05-11 21:15:56","","","","","1.1.0","6.6.1","{""_q_adjust_adid"":""37cad6f4b7fc3cd3a1e4522846093f71"",""_q_firebase_instance_id"":""0E654DC22A324B30964AB6C0A48871F6""}","2026-05-11 21:17:26"
"2026-05-11 16:25:52","320003010540085","2026-05-11 16:25:52","Subscription Renewed","iOS SmartClean AI Storage","iOS","6759697123","com.phonecleaner.smartclean.storageclean.app.weekly.trial","21951690","CAD","12.99","9.09","9.49","6.64","","QON_9b88ce901ad04e239a49480cd5d7b62f","","iPad13,18","ED9566E8-F0AF-4CED-AB0F-D34349BB3783","en","CA","iOS 26.3.1","2026-04-24 16:24:55","","","","","1.0.9","6.6.1","{""_q_adjust_adid"":""6ca3e2562b81e1ab26e312011b3add91"",""_q_fb_anon_id"":""XZ346C808B-DCDC-4687-95F4-AD31721CD4C1"",""_q_firebase_instance_id"":""37CF0249CD234933B029B037F0EB49E1""}","2026-05-11 22:01:22"
"2026-05-11 22:02:20","160003372858764","2026-05-11 22:02:20","Trial Converted","iOS SmartClean AI Storage","iOS","6759697123","com.phonecleaner.smartclean.storageclean.app.weekly.trial","21951690","USD","9.99","6.99","9.99","6.99","","QON_a104b45db9904fc4be2db1f8577c0870","","iPhone15,4","4C034BE2-9847-4AF0-8700-B47F317C53FC","en","US","iOS 26.4.2","2026-05-08 21:37:39","","","","","1.1.0","6.6.1","{""_q_adjust_adid"":""31da1cfc913c22a56972d3a310e3d7d4"",""_q_fb_anon_id"":""XZ5E822048-D1D2-4BD8-A30E-2A6B7B26FBDC"",""_q_firebase_instance_id"":""062B2DD2BC6E4B3589943CB44652C618""}","2026-05-11 22:03:14"
"2026-05-11 22:03:34","150003105248869","2026-05-11 22:03:34","Trial Converted","iOS SmartClean AI Storage","iOS","6759697123","com.phonecleaner.smartclean.storageclean.app.weekly.trial","21951690","EUR","9.99","6.99","11.76","8.23","","QON_380cba2a891a4c6a97919cafe20cf8f7","","iPhone 12","6EEECD48-2331-4D23-BDC5-ED5070DBCDE8","en","IE","iOS 18.3.2","2026-05-08 21:51:08","","","","","1.1.0","6.6.1","{""_q_adjust_adid"":""3cb2013eda5a3c8ea7d27262ca27ea16"",""_q_firebase_instance_id"":""9976A0DEE25A4D9D81467FB8145C5979""}","2026-05-11 22:04:24"
"2026-05-11 22:11:16","710002774147676","2026-05-11 22:11:16","Trial Started","iOS SmartClean AI Storage","iOS","6759697123","com.phonecleaner.smartclean.storageclean.app.weekly.trial","21951690","CZK","0","0","0","0","","QON_2bb81fb3c6c24262a27911150bf7a37c","","iPhone14,7","CA086C72-2B86-4AC0-81F2-2EB76FE7A723","en","CZ","iOS 26.1","2026-05-11 13:25:56","","","","","1.1.0","6.6.1","{""_q_adjust_adid"":""23a46600a9d83b73168823cb945274b4"",""_q_firebase_instance_id"":""F1BD314AE3824096BEC7412986EEAF38""}","2026-05-11 22:11:22"
"2026-05-11 22:14:46","120003727159953","2026-05-11 22:14:46","Trial Started","iOS SmartClean AI Storage","iOS","6759697123","com.phonecleaner.smartclean.storageclean.app.weekly.trial","21951690","RON","0","0","0","0","","QON_5bdea7dc977546979f0330a067f3fcb6","","iPhone14,5","FF08637F-C405-4D00-A969-F719CE5BF369","en","RO","iOS 26.3.1","2026-05-11 22:13:46","","","","","1.1.0","6.6.1","{""_q_adjust_adid"":""b827d05f9f5e2fcca5b94c56ef3af4e9"",""_q_fb_anon_id"":""XZ8424D323-756A-4C5D-8224-B6D4A696DAEC"",""_q_firebase_instance_id"":""7F6CA932369C45D0B58F663F88A91192""}","2026-05-11 22:14:53"
"2026-05-11 23:08:58","540002559677630","2026-05-11 23:08:58","Subscription Renewed","iOS SmartClean AI Storage","iOS","6759697123","com.phonecleaner.smartclean.storageclean.app.weekly.trial","21951690","USD","9.99","6.99","9.99","6.99","","QON_ee7050c61fe747629633b4e9c11b356f","","iPhone XR","FCBE2BBB-B4F2-4C2A-841B-3B63D2F6F56A","en","US","iOS 18.7.7","2026-04-24 23:06:19","","","","","1.0.9","6.6.1","{""_q_adjust_adid"":""ee1a9c0c4b3a7cd4c04e152945186af9"",""_q_fb_anon_id"":""XZF54AC56A-FA9E-49DB-8CA5-E11D3D4B4178"",""_q_firebase_instance_id"":""C0D0E177173441F3AFD58937C8464361""}","2026-05-11 23:09:46"
"2026-05-11 23:45:39","120003727272589","2026-05-11 23:45:39","Trial Started","iOS SmartClean AI Storage","iOS","6759697123","com.phonecleaner.smartclean.storageclean.app.weekly.trial","21951690","EUR","0","0","0","0","","QON_c6ed28d308724431b040a15f2faba929","","iPhone18,1","B83E09CE-5779-4FD6-8B06-83CE622F4020","fr","FR","iOS 26.4.2","2026-05-11 23:44:11","","","","","1.1.0","6.6.1","{""_q_adjust_adid"":""78beeade519f9312f2799af2e9c33ceb"",""_q_firebase_instance_id"":""6A43B1BD8BA14B36AA55CC4404BB4DFE""}","2026-05-11 23:45:43"